timestamp,return
2000-01-03,1.256436422759174
2000-01-04,-0.15387943705934057
2000-01-05,1.3023832965435829
2000-01-06,-0.3264251652141919
2000-01-07,-0.2924465734046355
2000-01-10,0.9400262480026168
2000-01-11,0.3715086860641784
2000-01-12,0.24883223595264778
2000-01-13,0.47834394644780814
2000-01-14,0.333549541461996
2000-01-17,0.3258714769442021
2000-01-18,-0.37254226871784685
2000-01-19,0.4187177389611217
2000-01-20,0.517188912402543
2000-01-21,-0.04161266133758738
2000-01-24,-0.7089644214183763
2000-01-25,-0.7612228237967803
2000-01-26,-0.043882213690543716
2000-01-27,0.05961110247605417
2000-01-28,-0.2074675468133439
2000-01-31,1.0338580681896639
2000-02-01,-0.5905952333345357
2000-02-02,-1.4795157049405538
2000-02-03,-0.21060892931182157
2000-02-04,-0.4880922489769148
2000-02-07,0.9193933647199216
2000-02-08,-0.032489509023853266
2000-02-09,0.0005641963243400827
2000-02-10,-0.21612163260180953
2000-02-11,1.5709216932123329
2000-02-14,0.44627350658569426
2000-02-15,-0.4709368540803682
2000-02-16,-0.7143078056048443
2000-02-17,0.18497756918270256
2000-02-18,0.00785757270741452
2000-02-21,-0.17772339807650706
2000-02-22,-0.4913146792016376
2000-02-23,-1.196983037092448
2000-02-24,-0.530046591454752
2000-02-25,-0.02491953723173206
2000-02-28,0.5905068477094653
2000-02-29,0.9957405637018988
2000-03-01,0.7927778549891311
2000-03-02,0.11060296175254451
2000-03-03,-0.7344120499269813
2000-03-06,-0.7210306977709345
2000-03-07,-0.5526674447903283
2000-03-08,-0.4445886346688143
2000-03-09,0.2432783303696761
2000-03-10,-0.7118401496210395
2000-03-13,0.6757393456383057
2000-03-14,0.7870308427153009
2000-03-15,-0.8328361103197047
2000-03-16,1.5514162385878139
2000-03-17,-0.44778528793712485
2000-03-20,0.08285816266405589
2000-03-21,0.9178148998334476
2000-03-22,-1.056893126241617
2000-03-23,-0.40737932107692043
2000-03-24,-0.31319729337196045
2000-03-27,-0.13714347690822645
2000-03-28,-0.5476401951904487
2000-03-29,-0.28237665897833675
2000-03-30,-0.025623084808406752
2000-03-31,0.688741907708442
2000-04-03,0.7521224984807041
2000-04-04,-0.8679921112144106
2000-04-05,-0.3105875054671029
2000-04-06,0.48041855882253676
2000-04-07,-0.35346067192025815
2000-04-10,-0.5683418208929599
2000-04-11,0.438225743156803
2000-04-12,-0.445486979974913
2000-04-13,0.7750274992802946
2000-04-14,0.14502024371200448
2000-04-17,0.5432739060473493
2000-04-18,0.6872263137676147
2000-04-19,0.08835087209926042
2000-04-20,-0.12222272954707569
2000-04-21,0.293984459460532
2000-04-24,-1.1024439386972527
2000-04-25,-0.4230385813010226
2000-04-26,0.45911505213670467
2000-04-27,-0.8305152442511738
2000-04-28,0.6273041928479499
2000-05-01,1.6907248712502887
2000-05-02,-0.2892387249565029
2000-05-03,1.5324691551309906
2000-05-04,0.7112539975999491
2000-05-05,1.218559646434043
2000-05-08,-1.8844777670986335
2000-05-09,-0.37489843304412634
2000-05-10,-0.47362896666049764
2000-05-11,0.6410224734339259
2000-05-12,1.3576684057023518
2000-05-15,0.8752155021743604
2000-05-16,-0.4268094563340016
2000-05-17,0.0680992048468893
2000-05-18,-1.1056453613130743
2000-05-19,0.2832810215341157
2000-05-22,-0.5740799079849209
2000-05-23,-1.2340422255911152
2000-05-24,-0.39585329792008656
2000-05-25,-0.9862045960888497
2000-05-26,-1.4573788502694829
2000-05-29,-0.7569813567263978
2000-05-30,-0.8103137405190598
2000-05-31,0.19277323638480617
2000-06-01,-0.27129804090180554
2000-06-02,1.058440332314902
2000-06-05,1.329698058786241
2000-06-06,1.673891111588422
2000-06-07,1.0114284192223313
2000-06-08,1.3326576100278875
2000-06-09,0.16834135264488786
2000-06-12,1.1017644056555265
2000-06-13,-0.3997793375277132
2000-06-14,-0.9029581662840507
2000-06-15,-0.8914046117464561
2000-06-16,0.4203364261622001
2000-06-19,0.6548513434801103
2000-06-20,-0.33523481649376785
2000-06-21,0.17285140674292887
2000-06-22,0.6761516617728712
2000-06-23,0.3160033989907296
2000-06-26,0.11606969466519151
2000-06-27,1.136856360755954
2000-06-28,-0.06720020185578061
2000-06-29,-0.3113131317187071
2000-06-30,-0.11702580844099957
2000-07-03,0.7694209546637127
2000-07-04,0.2597120609732331
2000-07-05,0.3221369852150861
2000-07-06,-0.011808145206960793
2000-07-07,0.274153497022924
2000-07-10,-0.46908345835612075
2000-07-11,0.3589275357820609
2000-07-12,0.4338169647342906
2000-07-13,-0.04209217094560825
2000-07-14,0.06080833456008751
2000-07-17,0.20446828571188122
2000-07-18,-0.0270713955422282
2000-07-19,-0.15489521540897783
2000-07-20,0.18431476117220802
2000-07-21,0.12997438582651735
2000-07-24,0.08072918904950191
2000-07-25,1.0276282733651374
2000-07-26,-0.29963220333338086
2000-07-27,-0.020862044363295425
2000-07-28,-0.5437887707099891
2000-07-31,0.06404480463045086
2000-08-01,-0.3340296513086391
2000-08-02,0.15335676325460654
2000-08-03,-0.054512715374929806
2000-08-04,-0.39574215024046694
2000-08-07,0.2718826379882515
2000-08-08,0.15766823182271283
2000-08-09,0.2107962643275391
2000-08-10,0.2690052859323091
2000-08-11,-0.1958696475356822
2000-08-14,-0.40043762547153317
2000-08-15,-0.32524054846418476
2000-08-16,-0.7201599092379776
2000-08-17,-0.29482076493498066
2000-08-18,0.3742723678537667
2000-08-21,-0.22033540990836276
2000-08-22,-0.44574016785422516
2000-08-23,0.12478617755650721
2000-08-24,-0.22039713170418726
2000-08-25,0.09295418856505609
2000-08-28,0.0810508294395043
2000-08-29,0.06262792999648488
2000-08-30,-0.11753728408964846
2000-08-31,-0.24799061978039927
2000-09-01,-0.2758638973799208
2000-09-04,0.3984945965504818
2000-09-05,0.2872663867865525
2000-09-06,-0.28298113793944873
2000-09-07,0.15791935781257774
2000-09-08,0.2211650120054337
2000-09-11,0.521997624780013
2000-09-12,0.0003784440329863915
2000-09-13,0.2394441514432208
2000-09-14,-0.43692537832526246
2000-09-15,-0.7033699047212136
2000-09-18,-0.11794523972444594
2000-09-19,-0.2936916739689003
2000-09-20,-0.27084579166499234
2000-09-21,-0.11537899754048644
2000-09-22,0.26232145079443425
2000-09-25,0.548709423241767
2000-09-26,-0.40905924884133793
2000-09-27,-0.11983696809838229
2000-09-28,-0.25814229070650435
2000-09-29,-0.42211527141013727
2000-10-02,-0.6576074446491054
2000-10-03,-0.39078636206596135
2000-10-04,1.2601119574234867
2000-10-05,0.37414453975885437
2000-10-06,0.3647744576771513
2000-10-09,-0.11885506056333638
2000-10-10,1.2005373843887135
2000-10-11,-0.44823716120940854
2000-10-12,-1.3401213218977701
2000-10-13,1.4560506411853622
2000-10-16,0.30945960701547587
2000-10-17,0.6686004800361083
2000-10-18,0.05613283162669638
2000-10-19,-0.977175835792467
2000-10-20,-0.7265297655536128
2000-10-23,-0.0842018506340591
2000-10-24,0.2585618089150709
2000-10-25,0.7535952985281277
2000-10-26,-0.8217276376046556
2000-10-27,-0.20146253465857286
2000-10-30,-1.7438769077628988
2000-10-31,0.4658041356066005
2000-11-01,0.06110468859219943
2000-11-02,0.32984881634879737
2000-11-03,1.4543041705149036
2000-11-06,0.7435943364238842
2000-11-07,-0.6227024126034436
2000-11-08,1.3311473466025414
2000-11-09,0.42433815500165917
2000-11-10,1.028206855030329
2000-11-13,0.2852757662215188
2000-11-14,1.0461279162593076
2000-11-15,-1.4934779620241172
2000-11-16,-0.5148599417066028
2000-11-17,1.092467176318324
2000-11-20,-0.7693923779617002
2000-11-21,-0.44979744717134773
2000-11-22,-1.2129771547244497
2000-11-23,0.08327554534803516
2000-11-24,-0.43530581015315456
2000-11-27,-1.0360545910432137
2000-11-28,0.05879638635744398
2000-11-29,1.2685106958409769
2000-11-30,-0.5007620051777388
2000-12-01,-1.3801605189833912
2000-12-04,0.2111969455127995
2000-12-05,0.6916285530669541
2000-12-06,-0.2271218643416747
2000-12-07,2.8203424855052655
2000-12-08,0.43303705802957854
2000-12-11,0.8668913848980567
2000-12-12,1.489492439325932
2000-12-13,1.8300384871976219
2000-12-14,-1.6425527411506922
2000-12-15,-0.5284651741274707
2000-12-18,-0.2905767926001009
2000-12-19,0.11737753948251514
2000-12-20,2.776408304650533
2000-12-21,-0.7339830116749358
2000-12-22,0.49545728244027776
2000-12-25,1.6094435293268097
2000-12-26,1.6138410260190732
2000-12-27,0.6014469878476256
2000-12-28,1.5046102249854718
2000-12-29,0.1268851520296434
2001-01-01,-2.360973806382195
2001-01-02,2.041861356914858
2001-01-03,-0.6980685641394426
2001-01-04,-1.8762696385344224
2001-01-05,-0.5941348021983308
2001-01-08,-0.2481937378071224
2001-01-09,-0.3372025324023631
2001-01-10,-0.8299355917333316
2001-01-11,0.4901065898593813
2001-01-12,-0.45000738605666174
2001-01-15,-0.5073872833633222
2001-01-16,0.23990375725700605
2001-01-17,1.0277269642562306
2001-01-18,-0.47379590845003655
2001-01-19,-0.746927671462994
2001-01-22,0.1486665235495577
2001-01-23,-0.857517801943562
2001-01-24,0.8042036587573563
2001-01-25,-0.14310710737651142
2001-01-26,-0.5689685805710359
2001-01-29,-0.008457361684283883
2001-01-30,0.05045379617875729
2001-01-31,0.4850559158880913
2001-02-01,-0.3134753336261078
2001-02-02,-0.11732311500503553
2001-02-05,0.33724259792377737
2001-02-06,0.18242238949665732
2001-02-07,-1.1518223202156088
2001-02-08,0.25361463188493716
2001-02-09,-0.9171258771826009
2001-02-12,0.4056556689896917
2001-02-13,0.626583709112001
2001-02-14,-2.46466506684915
2001-02-15,0.7602500398782261
2001-02-16,0.16107738520359613
2001-02-19,-1.0454918109030114
2001-02-20,0.9945549073552098
2001-02-21,-0.9869750881605363
2001-02-22,0.07417256686069079
2001-02-23,-0.25579759340511715
2001-02-26,-0.23440859339708636
2001-02-27,0.6475288100922465
2001-02-28,-0.47218476582094737
2001-03-01,-0.6084912203078922
2001-03-02,-1.5310771562016816
2001-03-05,-0.9635103489650306
2001-03-06,-0.1718226444213345
2001-03-07,0.2930035186701898
2001-03-08,0.4126536850068773
2001-03-09,-0.7141730698744502
2001-03-12,-0.22652462124244377
2001-03-13,1.7739355609735699
2001-03-14,0.8771578369251155
2001-03-15,-0.4007942683457644
2001-03-16,-0.6438089431834725
2001-03-19,0.011176147775755834
2001-03-20,-1.034083214787247
2001-03-21,1.2036786826980639
2001-03-22,0.7106530312076821
2001-03-23,0.8674413275210112
2001-03-26,0.12736406480819953
2001-03-27,-1.2690346503487286
2001-03-28,-1.5676482935779004
2001-03-29,-1.2212707621237557
2001-03-30,0.05691379250532301
2001-04-02,-0.7803820992670504
2001-04-03,0.2723287897889436
2001-04-04,-0.6122824984991021
2001-04-05,-0.12526140077106038
2001-04-06,0.42891747633790117
2001-04-09,-1.6944172494977798
2001-04-10,0.032577641588211984
2001-04-11,-0.04555901388223846
2001-04-12,0.6065638199353387
2001-04-13,0.23799894737440308
2001-04-16,0.10439156384112827
2001-04-17,0.510905492404513
2001-04-18,0.5363541389799392
2001-04-19,-0.016007571380891737
2001-04-20,-0.15499082100192993
2001-04-23,0.48293335855329667
2001-04-24,-0.13628187118813911
2001-04-25,-1.1581321747632087
2001-04-26,-0.5735571048662891
2001-04-27,2.0351537148819108
2001-04-30,-0.27008089149053827
2001-05-01,-0.11105917293097879
2001-05-02,-0.3647665620076166
2001-05-03,-0.7735599191036333
2001-05-04,-0.3948710831600236
2001-05-07,-1.0813336441551686
2001-05-08,0.03865002884286968
2001-05-09,0.2851829043417167
2001-05-10,0.20227757197604473
2001-05-11,0.2807462317564794
2001-05-14,0.08782655992076221
2001-05-15,-0.0871383194755464
2001-05-16,0.4649953210323541
2001-05-17,-0.17309993813254843
2001-05-18,-0.43562682009275533
2001-05-21,-0.0872346066837964
2001-05-22,-0.08182290069969317
2001-05-23,0.13664151039636782
2001-05-24,0.9875559162430833
2001-05-25,0.7624493715397727
2001-05-28,-1.2383819630964648
2001-05-29,0.3904100776113419
2001-05-30,-0.02190012875137689
2001-05-31,-0.15499952561290178
2001-06-01,-0.6656607738434925
2001-06-04,-0.40741829306981625
2001-06-05,-1.2434913786323532
2001-06-06,-0.911395792418417
2001-06-07,0.6424799808972449
2001-06-08,0.07461062684739181
2001-06-11,-0.5546273938195923
2001-06-12,0.27478326357012667
2001-06-13,0.051134820094890406
2001-06-14,0.06795671506421488
2001-06-15,0.11312312314486432
2001-06-18,0.3260752626891692
2001-06-19,0.19555786642972564
2001-06-20,-0.9595222419260097
2001-06-21,0.14498515816494031
2001-06-22,-0.3590570229060375
2001-06-25,-0.3996404472337964
2001-06-26,0.3001498665281014
2001-06-27,0.09839547525514387
2001-06-28,-0.4395901284279226
2001-06-29,0.21862523604546655
2001-07-02,-0.20497069539571922
2001-07-03,0.19472548597789718
2001-07-04,0.17093418283904988
2001-07-05,0.12028783212096424
2001-07-06,-0.03940273323247323
2001-07-09,0.4155109675009879
2001-07-10,-0.5925963581482061
2001-07-11,-0.09771779552762194
2001-07-12,-0.20669953589803772
2001-07-13,-0.425167834319803
2001-07-16,-0.30225554876287325
2001-07-17,-0.11351156864681265
2001-07-18,-0.45512838409549866
2001-07-19,0.3040978102152829
2001-07-20,0.4282410551418464
2001-07-23,0.5059315315497774
2001-07-24,0.3099511365424621
2001-07-25,0.2979876351409086
2001-07-26,0.5370948326000602
2001-07-27,-0.27406380940046854
2001-07-30,-0.2540540207237694
2001-07-31,1.151098993291343
2001-08-01,-0.9853026518232528
2001-08-02,0.6014880473048347
2001-08-03,-0.44300630860012113
2001-08-06,0.6423331141425138
2001-08-07,0.36423157089694214
2001-08-08,-1.4865267013884187
2001-08-09,-0.3420374031648748
2001-08-10,1.1396993644550182
2001-08-13,0.8439656618938203
2001-08-14,-0.7517081266552895
2001-08-15,-0.3669509756317518
2001-08-16,0.3540899969206734
2001-08-17,-1.501774463847162
2001-08-20,-0.8985964856671044
2001-08-21,-1.3875184718254185
2001-08-22,0.1194629605171013
2001-08-23,-0.24265110010925325
2001-08-24,1.7459576501182854
2001-08-27,0.8256094818032441
2001-08-28,1.6873068514450722
2001-08-29,-0.18722562879288024
2001-08-30,-0.11438289422724573
2001-08-31,-0.7160559149540914
2001-09-03,1.2945174800746528
2001-09-04,0.2702244576963245
2001-09-05,0.1963182018645806
2001-09-06,-0.41433494735596316
2001-09-07,-0.4267929342044245
2001-09-10,0.9100163174897505
2001-09-11,0.9249158186281935
2001-09-12,0.41260819755402184
2001-09-13,-3.0536669054481096
2001-09-14,-0.1321839384814141
2001-09-17,-0.7169083191804236
2001-09-18,-0.05900040566504679
2001-09-19,1.0316703870900807
2001-09-20,-0.7537037740973964
2001-09-21,-0.5410699385075775
2001-09-24,-1.1118231201933422
2001-09-25,-0.06390232686817186
2001-09-26,-0.4030317483307813
2001-09-27,-0.00793686138734943
2001-09-28,0.39351309994230077
2001-10-01,0.6299671853919082
2001-10-02,-0.3643002756088863
2001-10-03,-0.17674012486531562
2001-10-04,0.27331910532011233
2001-10-05,0.15850211562443922
2001-10-08,0.6179143627633735
2001-10-09,-0.7690330475024172
2001-10-10,1.4789488225441145
2001-10-11,-0.8285077077458304
2001-10-12,0.16375482586332565
2001-10-15,0.19472326873729018
2001-10-16,0.44658874399693116
2001-10-17,-0.06190084725403626
2001-10-18,0.28179131999168716
2001-10-19,0.7872589401451108
2001-10-22,2.865606572873619
2001-10-23,0.47542377865519364
2001-10-24,-0.19598691585195502
2001-10-25,1.081793180551607
2001-10-26,1.3353184537933587
2001-10-29,0.24903930037684602
2001-10-30,0.5233232092279593
2001-10-31,-0.8263786604931983
2001-11-01,-0.4671424703609632
2001-11-02,0.8111338152536385
2001-11-05,-0.5103472427704759
2001-11-06,0.34804114698561267
2001-11-07,0.8873765893846032
2001-11-08,0.2925503539600548
2001-11-09,0.8763240821838539
2001-11-12,0.9022416325143607
2001-11-13,0.9780842093793087
2001-11-14,-0.7167015577322439
2001-11-15,-1.0694704335659748
2001-11-16,0.5711125357404316
2001-11-19,-1.28591422731374
2001-11-20,0.22241585597259664
2001-11-21,1.340118208852643
2001-11-22,0.12402519557791901
2001-11-23,1.3283470852910781
2001-11-26,0.33084881457825105
2001-11-27,-1.4568302521881729
2001-11-28,0.35571941498519644
2001-11-29,-0.5824988641101736
2001-11-30,-1.1774089909730805
2001-12-03,-0.19022046811268087
2001-12-04,-1.8016980181848514
2001-12-05,-1.3379809575094581
2001-12-06,-0.41863336191804135
2001-12-07,2.5749323152501784
2001-12-10,0.2681956637636079
2001-12-11,-0.9276569760879002
2001-12-12,-1.4477461183999905
2001-12-13,0.6503195999153148
2001-12-14,0.9433730740645894
2001-12-17,-2.4727242907825255
2001-12-18,-1.8409437485393054
2001-12-19,-0.7082793405551372
2001-12-20,-2.396892165627698
2001-12-21,0.03179121565353914
2001-12-24,3.4204365218666894
2001-12-25,-0.2494856076574553
2001-12-26,1.103084177275944
2001-12-27,-1.1708036179642558
2001-12-28,-0.28869574663109854
2001-12-31,-0.2804080274097752
2002-01-01,-0.7889379027084013
2002-01-02,0.2779656651647457
2002-01-03,0.027180673978353654
2002-01-04,0.06013351233441464
2002-01-07,-0.7823339354587069
2002-01-08,1.684155494249983
2002-01-09,0.40715123279975673
2002-01-10,0.40382663377836403
2002-01-11,0.9920283350953124
2002-01-14,-0.5280253417543005
2002-01-15,-0.4486287457804878
2002-01-16,0.2702677366854721
2002-01-17,1.6746705939402742
2002-01-18,0.7830720862976525
2002-01-21,-2.5967759662124426
2002-01-22,0.5174698976935477
2002-01-23,-0.9254838668630447
2002-01-24,0.8450633083870183
2002-01-25,0.07685668985768804
2002-01-28,0.7219715689812326
2002-01-29,-2.0237250504925557
2002-01-30,0.7339092969846344
2002-01-31,0.03207566736481686
2002-02-01,-0.3959945476513826
2002-02-04,-0.8596416848298379
2002-02-05,-0.3107184772932795
2002-02-06,0.6876870205615775
2002-02-07,-0.3636350687392817
2002-02-08,0.16189614859909374
2002-02-11,-0.08041529805980241
2002-02-12,-1.3243947209138607
2002-02-13,0.27300303563160844
2002-02-14,0.6644296509554268
2002-02-15,-0.32463906777462875
2002-02-18,0.6212123996166631
2002-02-19,-0.3561697713781179
2002-02-20,0.43763782831825465
2002-02-21,0.027831160124707193
2002-02-22,0.7145593366536979
2002-02-25,0.10793257556393232
2002-02-26,0.679919856392174
2002-02-27,-0.17939936847722016
2002-02-28,-0.3484995068705208
2002-03-01,0.7529870177332144
2002-03-04,-0.20109861071902835
2002-03-05,-0.3512476699598645
2002-03-06,0.7061306461731113
2002-03-07,0.11678393820411037
2002-03-08,0.592029840519064
2002-03-11,1.3990013375126833
2002-03-12,-0.7418842391618335
2002-03-13,0.036606247129586975
2002-03-14,2.068179560625427
2002-03-15,0.4763872001268076
2002-03-18,-0.011727011621359982
2002-03-19,0.19259492197877662
2002-03-20,0.307190647879125
2002-03-21,0.365021528442346
2002-03-22,-0.3201631026819167
2002-03-25,0.35658921908218477
2002-03-26,-0.767722875375963
2002-03-27,-0.42575118934009665
2002-03-28,-1.0580138591970587
2002-03-29,0.13567183529929924
2002-04-01,0.1963548126364666
2002-04-02,-0.5588597149423691
2002-04-03,0.055250102905158895
2002-04-04,0.3477530996735548
2002-04-05,-0.25212942003033023
2002-04-08,-0.17185690897118877
2002-04-09,0.6548707261829433
2002-04-10,0.521727573055677
2002-04-11,-0.6905704562953899
2002-04-12,-0.046397768355479735
2002-04-15,-0.2690837063796292
2002-04-16,0.6302474512836616
2002-04-17,-0.25456042627709236
2002-04-18,1.2040921011703436
2002-04-19,-0.2611755187371666
2002-04-22,0.7118333691030342
2002-04-23,-0.7738250889391857
2002-04-24,0.5034694997092211
2002-04-25,-0.6254438489509899
2002-04-26,0.7774522135316169
2002-04-29,-0.509901067474318
2002-04-30,-0.5943712477505857
2002-05-01,-0.5312188012824721
2002-05-02,-0.749757146188926
2002-05-03,-0.4747366058257528
2002-05-06,1.917458684278732
2002-05-07,0.03393630877249584
2002-05-08,-0.1958303282388148
2002-05-09,-0.09077043374121566
2002-05-10,-0.08807067548015143
2002-05-13,0.11268441790217612
2002-05-14,-0.7085386401510222
2002-05-15,-0.618605879494806
2002-05-16,0.3164762440677158
2002-05-17,0.6109371945500212
2002-05-20,1.8268296180043049
2002-05-21,0.9406899580482382
2002-05-22,0.17102157878240948
2002-05-23,-0.02961129251521758
2002-05-24,-0.7538339737777046
2002-05-27,0.2317345403608519
2002-05-28,0.2488675227363811
2002-05-29,-0.08005734385658958
2002-05-30,0.07649119332914495
2002-05-31,1.3836022086407782
2002-06-03,-0.11488265232768247
2002-06-04,0.0534941591255228
2002-06-05,-0.5084059009020215
2002-06-06,0.3090844771365704
2002-06-07,-0.007448179104451252
2002-06-10,0.3565770458668005
2002-06-11,0.029595446449346422
2002-06-12,0.274314887027845
2002-06-13,-1.338168946630951
2002-06-14,1.5620222095027465
2002-06-17,-0.7702346049554897
2002-06-18,0.5210723456801487
2002-06-19,-0.259869116058345
2002-06-20,0.1462427852727699
2002-06-21,0.15286101940189853
2002-06-24,1.3007499753835896
2002-06-25,-0.07793127225362263
2002-06-26,-1.4166151773303808
2002-06-27,-1.0403896779990096
2002-06-28,1.7144368927872273
2002-07-01,0.5910869754110868
2002-07-02,-1.3153218112183152
2002-07-03,1.0305000378675833
2002-07-04,-0.2801210203021481
2002-07-05,-2.482723535921708
2002-07-08,-0.6427759363296511
2002-07-09,-0.11722321286228723
2002-07-10,-0.35250613195648783
2002-07-11,-0.8294303784252767
2002-07-12,1.073904542716551
2002-07-15,0.4393028208079753
2002-07-16,0.28207169173906227
2002-07-17,-0.03853156816418445
2002-07-18,0.41437255975310044
2002-07-19,-1.2380282317071094
2002-07-22,0.9889123688432319
2002-07-23,-0.38642861952340435
2002-07-24,-0.7429699999954705
2002-07-25,-1.3376954760920012
2002-07-26,0.0394374263060844
2002-07-29,-0.4455852180374923
2002-07-30,0.4134292212467416
2002-07-31,0.0015401179520354391
2002-08-01,0.38985192911801797
2002-08-02,-0.5409067227844877
2002-08-05,-0.629880477574818
2002-08-06,0.46873386194567107
2002-08-07,-0.47976054545889324
2002-08-08,-0.11516740080599777
2002-08-09,0.27732088949259087
2002-08-12,-0.015876966965460152
2002-08-13,0.12764144113544088
2002-08-14,-1.0764516160890187
2002-08-15,0.5177993430514611
2002-08-16,-0.7326630350402324
2002-08-19,0.07712222546386549
2002-08-20,0.33277742955432377
2002-08-21,-1.218156946570198
2002-08-22,-0.1856455584916611
2002-08-23,0.4327229619015203
2002-08-26,-0.6835422613175481
2002-08-27,-0.9023264564660747
2002-08-28,0.7041565861508353
2002-08-29,-0.09013814285673218
2002-08-30,-0.2351136346842328
2002-09-02,0.341457772125176
2002-09-03,-0.6652942866086919
2002-09-04,0.32867774778013
2002-09-05,0.1059994573591432
2002-09-06,-0.3688544037410545
2002-09-09,-0.06141433602579064
2002-09-10,-0.5453404781426416
2002-09-11,-0.06567480738172068
2002-09-12,-0.08409627509321281
2002-09-13,-0.27750096944655156
2002-09-16,0.1436952133061757
2002-09-17,-0.5161531482585852
2002-09-18,-0.20621921958455322
2002-09-19,-0.3072588826730947
2002-09-20,0.020153119314231038
2002-09-23,-0.32648873090037855
2002-09-24,-1.1081150610560195
2002-09-25,-0.17357195158495767
2002-09-26,0.08805067030220902
2002-09-27,0.3141241631427563
2002-09-30,-0.3746254801216138
2002-10-01,-0.10523539276973207
2002-10-02,0.3312275254742961
2002-10-03,-0.2470838415249229
2002-10-04,0.29362680721968865
2002-10-07,0.17717282373616253
2002-10-08,0.3600350993805475
2002-10-09,-0.18176594527203724
2002-10-10,0.1766046584650495
2002-10-11,-0.23451669666037034
2002-10-14,0.7595977824374157
2002-10-15,0.2731077951034813
2002-10-16,0.7085280953088428
2002-10-17,-0.30078647673667175
2002-10-18,0.24580271666791947
2002-10-21,0.32267087236652325
2002-10-22,-0.163871847914267
2002-10-23,-0.9952461372225978
2002-10-24,1.0352670083893798
2002-10-25,0.4831408970048305
2002-10-28,-0.7181172765345499
2002-10-29,-0.684644259629546
2002-10-30,0.2580675149663343
2002-10-31,-0.34498446296221774
2002-11-01,-0.6477385635142534
2002-11-04,-0.38281866310220575
2002-11-05,0.30265103862604825
2002-11-06,0.5387494868508518
2002-11-07,0.22467158252013583
2002-11-08,1.0543507153019287
2002-11-11,0.5709526669295485
2002-11-12,-0.45618420980523067
2002-11-13,0.4646743667478116
2002-11-14,-0.44756062911908306
2002-11-15,-0.17306324998063383
2002-11-18,0.03999214986530446
2002-11-19,0.13346218389053238
2002-11-20,0.3466385315177552
2002-11-21,0.003908207531789024
2002-11-22,-0.5589246802370306
2002-11-25,-1.6733708872992437
2002-11-26,-0.2873769992410914
2002-11-27,-0.33547964310624734
2002-11-28,0.16852296904843878
2002-11-29,0.2158065578322198
2002-12-02,0.47672508759410875
2002-12-03,-0.2634968295869862
2002-12-04,-0.5219158856740909
2002-12-05,0.22371391094328127
2002-12-06,0.2986675745180959
2002-12-09,-0.02144909859040621
2002-12-10,-0.14343368508439844
2002-12-11,-0.2417624157574376
2002-12-12,0.2853862811092636
2002-12-13,0.3307692967276963
2002-12-16,0.1144929123466995
2002-12-17,-0.2451574294520569
2002-12-18,0.5887079446833635
2002-12-19,-0.2904842548190993
2002-12-20,0.0371597014802857
2002-12-23,0.22162678218727228
2002-12-24,0.4996605342522118
2002-12-25,0.5462111078729694
2002-12-26,-0.7502837656975327
2002-12-27,-0.05698648978109911
2002-12-30,-0.5252537405919088
2002-12-31,0.5882837566256319
2003-01-01,0.30504989257738435
2003-01-02,0.918078023287688
2003-01-03,-0.2227246914199722
2003-01-06,-0.009119448406801614
2003-01-07,0.47057832093609103
2003-01-08,-0.2992845684657388
2003-01-09,-0.28274719707933704
2003-01-10,-1.1176828799289773
2003-01-13,-0.5564089120508781
2003-01-14,0.08794222093187692
2003-01-15,-0.18560897622458913
2003-01-16,0.0014642303104874814
2003-01-17,-0.3858880829502313
2003-01-20,-0.18113126122855325
2003-01-21,0.5166568383088365
2003-01-22,-0.2038099494261771
2003-01-23,-0.15629257579640368
2003-01-24,-0.11787567463996912
2003-01-27,0.7392325123962766
2003-01-28,-0.2316801235462811
2003-01-29,-0.039879310054271824
2003-01-30,0.9624504072219885
2003-01-31,0.3500898983202388
2003-02-03,-0.7249652947434921
2003-02-04,1.4064855020124536
2003-02-05,-0.8597565652840254
2003-02-06,0.7058555829985692
2003-02-07,-0.5302188509700818
2003-02-10,-1.2076488015086104
2003-02-11,-0.9303557941656286
2003-02-12,-0.47010396555263634
2003-02-13,0.7406477752754996
2003-02-14,-0.19480248238310585
2003-02-17,1.2567333904995146
2003-02-18,-1.2790487358201963
2003-02-19,1.6378887506896236
2003-02-20,-0.45492345771582565
2003-02-21,0.013269851030760562
2003-02-24,0.011439482659533354
2003-02-25,0.0133517346453309
2003-02-26,0.29460325148155697
2003-02-27,0.026042969436477336
2003-02-28,-0.12740121347776406
2003-03-03,-1.7806362328535772
2003-03-04,-0.9664323646062212
2003-03-05,0.9820013078472679
2003-03-06,-0.29267434904233
2003-03-07,-0.11771619595341071
2003-03-10,0.5270631749551523
2003-03-11,0.23325773392035742
2003-03-12,0.43737312918358984
2003-03-13,2.257783490921158
2003-03-14,1.0198619754900327
2003-03-17,-1.038856044135346
2003-03-18,1.258442898806134
2003-03-19,-0.9239608246530994
2003-03-20,0.13104686679464841
2003-03-21,-0.6190789673399194
2003-03-24,-0.9086228577542771
2003-03-25,-0.4981007974649137
2003-03-26,-0.1387179499548839
2003-03-27,0.005053861179439973
2003-03-28,-0.699690265385968
2003-03-31,0.242424556359806
2003-04-01,-0.17784190474396597
2003-04-02,0.40554480010390975
2003-04-03,-0.017173748874479186
2003-04-04,-0.25275107387729845
2003-04-07,0.0024841315089701153
2003-04-08,0.10166654851493231
2003-04-09,-0.3879310863552612
2003-04-10,0.2210569972866287
2003-04-11,1.387033310683302
2003-04-14,0.24122563548909615
2003-04-15,0.8254038886253992
2003-04-16,0.3513929920192037
2003-04-17,-0.10470513177181177
2003-04-18,0.46217901675572287
2003-04-21,-0.813104883735678
2003-04-22,0.8487192861429618
2003-04-23,0.23147529460478708
2003-04-24,-0.23422184573996974
2003-04-25,-1.0325116019755993
2003-04-28,-1.0431308177247196
2003-04-29,1.1554299901526701
2003-04-30,1.2184495549552472
2003-05-01,-0.015226353485958216
2003-05-02,0.22713382756886827
2003-05-05,0.4427615959198368
2003-05-06,-1.3016468597510873
2003-05-07,-0.39951457253619654
2003-05-08,0.8324645776379592
2003-05-09,-0.23208468815226072
2003-05-12,-0.6542949248325061
2003-05-13,0.09698829051595392
2003-05-14,-0.5049400752183735
2003-05-15,0.4743939910853325
2003-05-16,0.18050571738298804
2003-05-19,-0.5362750465379021
2003-05-20,0.6938193770810497
2003-05-21,0.961963821880235
2003-05-22,-0.7280217862841043
2003-05-23,-0.08395074870044857
2003-05-26,1.9387803560528039
2003-05-27,-0.4272135750623268
2003-05-28,0.4000112710444286
2003-05-29,0.8493077697161001
2003-05-30,-0.96952742908512
2003-06-02,-0.3138819241639524
2003-06-03,-2.156520448427396
2003-06-04,0.017961547416214346
2003-06-05,0.741865513306781
2003-06-06,-0.63926362566539
2003-06-09,-0.10112120592274293
2003-06-10,-0.6531199653625716
2003-06-11,1.2410553871908254
2003-06-12,0.15347249072753147
2003-06-13,-0.4358276862641586
2003-06-16,1.084802066067921
2003-06-17,2.597255474552548
2003-06-18,-0.5993899707035822
2003-06-19,2.0881633019723984
2003-06-20,-1.5901943703823613
2003-06-23,0.7069925445870948
2003-06-24,1.2307939437719995
2003-06-25,0.6583262440735851
2003-06-26,1.0031644695181223
2003-06-27,-3.797929555050174
2003-06-30,-1.0017353849187192
2003-07-01,-0.04756282193348295
2003-07-02,-0.36643890882131536
2003-07-03,-3.1412548617731098
2003-07-04,-0.6304652636592029
2003-07-07,-0.5190469854172343
2003-07-08,-5.694525527117794
2003-07-09,-8.153079936620014
2003-07-10,4.544257165381972
2003-07-11,1.9245450628091518
2003-07-14,-7.569402378724569
2003-07-15,-3.237213989363023
2003-07-16,-5.63510998002443
2003-07-17,-1.012312170436032
2003-07-18,-5.3298836740006195
2003-07-21,-3.176874711526629
2003-07-22,-2.079205860242921
2003-07-23,-2.9479593402013093
2003-07-24,1.1065407770192648
2003-07-25,0.05945109197501746
2003-07-28,-4.170999772217827
2003-07-29,2.255293451573218
2003-07-30,-2.681995186904838
2003-07-31,-1.556544286197355
2003-08-01,-1.7385656457422198
2003-08-04,1.9968124117186374
2003-08-05,-2.80623923605716
2003-08-06,-1.503445066869973
2003-08-07,0.35287426923725657
2003-08-08,0.28795829725527616
2003-08-11,-0.2493784545996609
2003-08-12,-0.8089740217393122
2003-08-13,1.6885925013989884
2003-08-14,-0.19010563432144445
2003-08-15,-0.5262768871341577
2003-08-18,-0.33301121460979727
2003-08-19,-0.1998682382623947
2003-08-20,0.7603792824769172
2003-08-21,0.6746454817044478
2003-08-22,-0.7243577417003313
2003-08-25,0.22502260454600492
2003-08-26,-2.684497463959533
2003-08-27,-0.9708411758370931
2003-08-28,-0.7792256827152072
2003-08-29,-2.9719924142996312
2003-09-01,3.2130557059341793
2003-09-02,2.2918502297240235
2003-09-03,-1.158548070693998
2003-09-04,-0.052101083575182006
2003-09-05,0.41606377781822707
2003-09-08,0.6291330710421114
2003-09-09,0.28276623414186
2003-09-10,-1.7747740712825542
2003-09-11,-3.4416282284562802
2003-09-12,-1.7375358587759768
2003-09-15,1.3680041964967398
2003-09-16,0.9771798809449116
2003-09-17,-0.9938527451759414
2003-09-18,0.9974553185719562
2003-09-19,1.836940734572461
2003-09-22,-1.6925340172239918
2003-09-23,1.6103644787475881
2003-09-24,-0.1588698296333596
2003-09-25,0.6109631828880745
2003-09-26,-0.43085942296111
2003-09-29,2.0568881580364455
2003-09-30,-0.8630226470890486
2003-10-01,0.9371569436151453
2003-10-02,-2.39997744150118
2003-10-03,-0.26778291765904144
2003-10-06,-0.03259221385558053
2003-10-07,1.6882142870273713
2003-10-08,0.4595764866875719
2003-10-09,-0.21613605536660935
2003-10-10,-0.22946292821093459
2003-10-13,-0.45668490695296515
2003-10-14,-0.8996094200775757
2003-10-15,0.3990189385174989
2003-10-16,0.48509903453915787
2003-10-17,-0.32151994250239974
2003-10-20,-0.8448981574633437
2003-10-21,-1.1769371034622582
2003-10-22,-0.5078076247056666
2003-10-23,0.04656551363888371
2003-10-24,0.9016311368359291
2003-10-27,-0.7802793457430441
2003-10-28,-0.016392254081547427
2003-10-29,-0.9771053359355152
2003-10-30,-1.0178028416852987
2003-10-31,0.11921003429507854
2003-11-03,0.10015353946812929
2003-11-04,-1.1832754189192305
2003-11-05,-0.962736332836831
2003-11-06,0.2978265708182525
2003-11-07,-0.05834035813297664
2003-11-10,0.9237626630796161
2003-11-11,-0.6874366614940999
2003-11-12,-0.6013547615269098
2003-11-13,-1.3852513823179775
2003-11-14,1.7050539356399286
2003-11-17,-0.682474745659547
2003-11-18,0.8787601510886496
2003-11-19,0.22314274465692963
2003-11-20,1.3161849400256196
2003-11-21,-1.5275758476200552
2003-11-24,-0.6081698532644411
2003-11-25,0.7951976659933698
2003-11-26,-0.3212392792880198
2003-11-27,-2.8286631806580202
2003-11-28,0.31918756885804644
2003-12-01,-2.499980533712325
2003-12-02,1.0639224896892234
2003-12-03,2.594786580264659
2003-12-04,-4.775011565953188
2003-12-05,-0.0196209334069343
2003-12-08,-0.5129994931426475
2003-12-09,-0.8466658628102208
2003-12-10,0.7515581047169823
2003-12-11,3.4733632126194025
2003-12-12,-4.136583190010917
2003-12-15,-0.1552733876687962
2003-12-16,4.746651958197512
2003-12-17,0.6751859027132084
2003-12-18,1.4091160876899707
2003-12-19,0.05974450022243605
2003-12-22,-4.183020910273561
2003-12-23,-0.9243029838998656
2003-12-24,-4.949258711216549
2003-12-25,-1.8131916426177026
2003-12-26,2.3223658603243753
2003-12-29,-3.607814824519246
2003-12-30,0.8933464504976505
2003-12-31,-0.41508281726154
2004-01-01,-0.6361651969644259
2004-01-02,1.0619837436178012
2004-01-05,6.165903460170789
2004-01-06,4.979441737079291
2004-01-07,3.34212132897815
2004-01-08,2.954821799067039
2004-01-09,-0.6640893775074435
2004-01-12,-1.5462670845843973
2004-01-13,-0.14679310434736106
2004-01-14,-5.197752754449771
2004-01-15,3.239907434284321
2004-01-16,3.648297666051822
2004-01-19,-0.9773452590962126
2004-01-20,-0.7813942154663505
2004-01-21,-0.22454654384588593
2004-01-22,-0.48743688318252454
2004-01-23,0.12674737692298907
2004-01-26,-4.528413934969646
2004-01-27,-1.9882594481884677
2004-01-28,-1.6828281043912963
2004-01-29,-2.823677516680689
2004-01-30,0.6350875176267666
2004-02-02,1.113778429351551
2004-02-03,2.021978022483382
2004-02-04,-0.5239125545712802
2004-02-05,-3.2781188347656487
2004-02-06,3.099235792946444
2004-02-09,-0.409225659973468
2004-02-10,-0.3954254409297348
2004-02-11,1.6934845328373096
2004-02-12,-3.2085923207281093
2004-02-13,-3.3562302142936886
2004-02-16,0.817340509315031
2004-02-17,-1.8558328420139314
2004-02-18,-3.146984128293148
2004-02-19,2.049855855815189
2004-02-20,-0.9598870160902787
2004-02-23,-2.338421864439297
2004-02-24,1.3623528027637937
2004-02-25,-2.506297351626333
2004-02-26,-2.437332197922518
2004-02-27,-2.237104602682989
2004-03-01,-2.9912848010644915
2004-03-02,-1.0488354377245261
2004-03-03,0.21753470329391988
2004-03-04,-1.1639845162395344
2004-03-05,-3.348631843641498
2004-03-08,-2.391312793615364
2004-03-09,-0.3035618215546009
2004-03-10,2.40450991139464
2004-03-11,-0.3330011786861919
2004-03-12,-1.8659056805900553
2004-03-15,-0.04532753891768473
2004-03-16,-2.290184865381434
2004-03-17,-1.2985114706563576
2004-03-18,0.012873631268187495
2004-03-19,2.164702246749111
2004-03-22,0.42169753769435137
2004-03-23,1.5176811515110207
2004-03-24,0.7599087943706171
2004-03-25,-2.9960321284946585
2004-03-26,-2.1898373777888596
2004-03-29,2.9998298951573816
2004-03-30,1.6529838717576628
2004-03-31,0.5459665283808852
2004-04-01,-1.7367530546841943
2004-04-02,0.11180057880346117
2004-04-05,-4.098227955507177
2004-04-06,0.6553298959133639
2004-04-07,3.229570444300728
2004-04-08,-0.9152189408736511
2004-04-09,-6.1349130885845
2004-04-12,-0.7890172337443663
2004-04-13,-0.6696153236550891
2004-04-14,-0.5838095547419514
2004-04-15,1.1257419152771055
2004-04-16,-1.1938519220768562
2004-04-19,-0.7452077157978587
2004-04-20,0.2968866153609686
2004-04-21,2.4551985114035593
2004-04-22,0.04822673034971785
2004-04-23,1.1059404952198835
2004-04-26,0.39351010982374757
2004-04-27,-2.060488494816081
2004-04-28,-0.6542405299277798
2004-04-29,-0.41582394743246837
2004-04-30,0.8523305299967869
2004-05-03,-0.24266162126313814
2004-05-04,-0.4917689321722439
2004-05-05,1.1878877337496052
2004-05-06,-0.14279335231291232
2004-05-07,3.347140961274889
2004-05-10,1.3293367809100345
2004-05-11,-0.2838766550795127
2004-05-12,1.092050537676596
2004-05-13,0.8689393455161996
2004-05-14,-1.3898188599102117
2004-05-17,0.17015591922625373
2004-05-18,-0.144342984731499
2004-05-19,-0.6043333867616851
2004-05-20,0.39977830582055845
2004-05-21,0.8957435396595547
2004-05-24,0.7521615058967593
2004-05-25,0.25885071273093263
2004-05-26,-0.3980221768728027
2004-05-27,-0.744311953553962
2004-05-28,-0.020342885413055085
2004-05-31,0.017096484246625736
2004-06-01,0.8390463226428151
2004-06-02,-1.9820836297056548
2004-06-03,-0.1665628748525435
2004-06-04,-0.877135688935302
2004-06-07,-0.47150131970743864
2004-06-08,0.9368324844974285
2004-06-09,-1.0461053705236982
2004-06-10,1.3125467263586164
2004-06-11,-0.9407423923755985
2004-06-14,-0.046646435355430664
2004-06-15,-1.5352268962991455
2004-06-16,-0.143076912491958
2004-06-17,0.9885545022760474
2004-06-18,0.5223773142581822
2004-06-21,0.771893111386971
2004-06-22,0.4944832696755748
2004-06-23,-0.1482930135164236
2004-06-24,0.06634067551574133
2004-06-25,-0.3373182739594051
2004-06-28,-0.4180255991350925
2004-06-29,0.40546518746565685
2004-06-30,0.7008982503035676
2004-07-01,0.3433635885950957
2004-07-02,-0.3242221021125637
2004-07-05,0.27036884960460317
2004-07-06,0.03708026714975067
2004-07-07,-0.509363783652511
2004-07-08,-0.14779077153556686
2004-07-09,0.31455580431897867
2004-07-12,0.01926393742020014
2004-07-13,-0.2288103153920842
2004-07-14,-0.08360564322403888
2004-07-15,0.08261963271718906
2004-07-16,-0.25685818355736334
2004-07-19,0.5174893886408242
2004-07-20,0.21249944072546204
2004-07-21,0.25522423695963875
2004-07-22,0.2743122792117134
2004-07-23,0.3322483364762607
2004-07-26,-0.24709624128423163
2004-07-27,0.4696580682026213
2004-07-28,-0.08256381274160353
2004-07-29,-0.026948028396308887
2004-07-30,0.26850409799727504
2004-08-02,-0.44867706145939296
2004-08-03,0.10068358119052051
2004-08-04,0.47469805117306824
2004-08-05,-0.15765388140114495
2004-08-06,-0.39086941819991905
2004-08-09,0.7266053977136644
2004-08-10,0.05781191237423254
2004-08-11,-0.1239691832345761
2004-08-12,-0.0850378535645381
2004-08-13,1.435816431699386
2004-08-16,0.5278321990600151
2004-08-17,0.9388868620901935
2004-08-18,-0.569812209386901
2004-08-19,0.098219891099797
2004-08-20,0.6479510298688929
2004-08-23,0.1397518937375441
2004-08-24,0.7205473244482291
2004-08-25,-0.48061709019271487
2004-08-26,-0.16508659071710402
2004-08-27,1.0481592928814871
2004-08-30,-0.7254607093299917
2004-08-31,-0.49562927856571715
2004-09-01,1.1249795808673446
2004-09-02,-0.5408752050617207
2004-09-03,0.3155140266325529
2004-09-06,-1.0070689897566973
2004-09-07,-0.6367129692613157
2004-09-08,0.06294314197103648
2004-09-09,-0.3312356083172789
2004-09-10,-0.3243686637753385
2004-09-13,0.4177235804654024
2004-09-14,1.094774099298001
2004-09-15,0.6947315555386651
2004-09-16,-0.43843285806633236
2004-09-17,-0.448449651736988
2004-09-20,-0.6576206252793542
2004-09-21,0.6495798900413687
2004-09-22,0.42916398707559517
2004-09-23,0.7191182068343185
2004-09-24,-0.461262552417737
2004-09-27,0.18885034402401446
2004-09-28,0.6594245385059363
2004-09-29,-0.2621592921990724
2004-09-30,-0.29395962872311004
2004-10-01,-1.0271084354048037
2004-10-04,0.14454976278174356
2004-10-05,0.3874842439410585
2004-10-06,-0.12375151524185124
2004-10-07,0.7432731276407969
2004-10-08,-0.41585635427732226
2004-10-11,0.17939112159684428
2004-10-12,0.4101733196205941
2004-10-13,0.03349522988071309
2004-10-14,0.5773203488411364
2004-10-15,0.4447675290114952
2004-10-18,-0.1731223350002099
2004-10-19,0.00582378007325427
2004-10-20,-1.2647720322967002
2004-10-21,0.12603502424169782
2004-10-22,1.3640374638485815
2004-10-25,-0.10349032407902037
2004-10-26,0.02500757836794717
2004-10-27,2.1427637660346956
2004-10-28,-0.8895198583803298
2004-10-29,-0.09433058193573382
2004-11-01,-0.6152805620137848
2004-11-02,-0.2369699379584012
2004-11-03,-0.24701298201113966
2004-11-04,1.7257349428117752
2004-11-05,0.8308097864329782
2004-11-08,0.15658163337947117
2004-11-09,0.5962676073400752
2004-11-10,0.08170810503644102
2004-11-11,0.1249632065710048
2004-11-12,0.4229676290665428
2004-11-15,0.8953809217757983
2004-11-16,-0.04212248028294164
2004-11-17,-0.58827865378316
2004-11-18,0.7672936973575838
2004-11-19,1.2171976257460473
2004-11-22,1.85788160775903
2004-11-23,0.2562915192103802
2004-11-24,0.40129995572913063
2004-11-25,1.5411807315548693
2004-11-26,-0.41357808184735356
2004-11-29,0.07849637603882739
2004-11-30,-0.3648568392839134
2004-12-01,-0.45987249557594134
2004-12-02,-1.8462882707272184
2004-12-03,-1.1274578704203426
2004-12-06,0.7545773217931829
2004-12-07,-0.2472811695855992
2004-12-08,0.6268280893540021
2004-12-09,0.2538093799177883
2004-12-10,0.40865466628592106
2004-12-13,-0.615760591085314
2004-12-14,-0.13418769586041865
2004-12-15,1.0131941178494865
2004-12-16,-0.5367784455970089
2004-12-17,0.6607791245097053
2004-12-20,-0.7656181649496036
2004-12-21,1.8681617662943524
2004-12-22,-0.21754764445482191
2004-12-23,0.36440972826403034
2004-12-24,-0.7871865681092635
2004-12-27,0.7032335941874047
2004-12-28,0.015370522718003604
2004-12-29,-0.9124383580103905
2004-12-30,-1.1617747076114182
2004-12-31,1.521593828385306
2005-01-03,-0.7277795262369017
2005-01-04,-0.41095367683120554
2005-01-05,-1.2142414987952157
2005-01-06,-0.3712215035697281
2005-01-07,0.7711715213101925
2005-01-10,-0.4015437569120444
2005-01-11,-1.036493795239795
2005-01-12,0.7213678074065359
2005-01-13,-0.35798445362108156
2005-01-14,-0.3735635905158686
2005-01-17,-0.4313731525209673
2005-01-18,0.420918125859033
2005-01-19,0.5579181231593593
2005-01-20,-1.9384397476083601
2005-01-21,0.3446412080910587
2005-01-24,1.1713881663986856
2005-01-25,-0.7318097194902646
2005-01-26,-0.4389520795443922
2005-01-27,-1.9556872350252792
2005-01-28,-0.5088461997579027
2005-01-31,0.5262534258828279
2005-02-01,-1.184270637402693
2005-02-02,0.5130137861686412
2005-02-03,-0.25218763946197964
2005-02-04,-0.7080844372662382
2005-02-07,0.8668156884640956
2005-02-08,-0.8203669462937682
2005-02-09,-0.09160993564144079
2005-02-10,0.008525877642155602
2005-02-11,0.41247256187101855
2005-02-14,-0.47219497314213427
2005-02-15,0.00021952100871080598
2005-02-16,-0.22385661904281046
2005-02-17,-0.2879389222105337
2005-02-18,1.7250189403308491
2005-02-21,0.9982498553370088
2005-02-22,1.0198696612632943
2005-02-23,-2.1265934407309595
2005-02-24,-0.30716990314625164
2005-02-25,-0.27143202688891277
2005-02-28,-0.3024044153303628
2005-03-01,0.5973289432090131
2005-03-02,-0.09278502920001609
2005-03-03,0.7000318806824395
2005-03-04,0.14494605768254612
2005-03-07,-0.030945509965669322
2005-03-08,-0.8218066236524064
2005-03-09,0.34879684826999235
2005-03-10,-0.2898144202506352
2005-03-11,-0.028865378259596765
2005-03-14,-0.31631078820798136
2005-03-15,0.14537964306048937
2005-03-16,0.1575708541206302
2005-03-17,0.2494526797774499
2005-03-18,-0.47848942678462314
2005-03-21,0.7048732167173424
2005-03-22,0.5108639741485462
2005-03-23,1.5744847002977214
2005-03-24,1.946400973178006
2005-03-25,-0.056609691154875935
2005-03-28,0.39248366712800264
2005-03-29,-0.528369076789246
2005-03-30,-1.2730695058083668
2005-03-31,0.0023234563165382494
2005-04-01,-0.2592480385732633
2005-04-04,0.4900940749645656
2005-04-05,-0.8496330730373214
2005-04-06,0.16901584584446513
2005-04-07,-0.7417364179611265
2005-04-08,-0.694798932503575
2005-04-11,0.4490576302428608
2005-04-12,-1.424453802999332
2005-04-13,-1.7022904059466513
2005-04-14,-0.6151394953821939
2005-04-15,0.5808551540535953
2005-04-18,-0.07747732947572272
2005-04-19,-0.38853135636761177
2005-04-20,0.6922606958011147
2005-04-21,0.26509823364718943
2005-04-22,0.2715349200787348
2005-04-25,1.5629563457228977
2005-04-26,-0.2854883359053645
2005-04-27,-1.739554198847914
2005-04-28,-1.298143745637581
2005-04-29,0.6847516775699899
2005-05-02,-0.7203797495693809
2005-05-03,0.07449826469003056
2005-05-04,-0.008127588226017265
2005-05-05,0.09784797713195263
2005-05-06,-1.2263485202336604
2005-05-09,0.1130298371190993
2005-05-10,1.3297544557893173
2005-05-11,0.11658737887050531
2005-05-12,0.010960227746026145
2005-05-13,-0.01709195394167849
2005-05-16,-0.26556836459726324
2005-05-17,-1.1740003476648961
2005-05-18,0.0075724344859730555
2005-05-19,0.1989315111292719
2005-05-20,-0.30438240931311816
2005-05-23,-0.08845836322180416
2005-05-24,-0.12142140760815993
2005-05-25,0.3735108317369273
2005-05-26,0.0692915436876373
2005-05-27,-0.3986402636228066
2005-05-30,-0.6361936302331501
2005-05-31,-0.18550098409716276
2005-06-01,0.1067194507112463
2005-06-02,0.346503367485229
2005-06-03,0.13509244629935413
2005-06-06,-0.08260771663315788
2005-06-07,0.20891858853339004
2005-06-08,-0.26794891026476503
2005-06-09,0.1596609280009544
2005-06-10,0.26956632011033416
2005-06-13,0.35471703981099983
2005-06-14,-0.17976767279196848
2005-06-15,0.24013271023073915
2005-06-16,0.2815911402518353
2005-06-17,-0.11537344314284806
2005-06-20,-0.053634255161807635
2005-06-21,-0.14204746954836006
2005-06-22,-0.007275422589622655
2005-06-23,0.29098850311913704
2005-06-24,-1.2751041723784902
2005-06-27,1.507353214742663
2005-06-28,1.1248687914339033
2005-06-29,1.0185764063336877
2005-06-30,0.5791777937137504
2005-07-01,-0.4917878380803121
2005-07-04,1.8989461997337176
2005-07-05,-0.5480145079690557
2005-07-06,-0.5011224744906124
2005-07-07,-0.5385294538477767
2005-07-08,0.5195404640224179
2005-07-11,-0.08405962042447525
2005-07-12,-1.6311663111337669
2005-07-13,0.2114204228612234
2005-07-14,-1.220333778269901
2005-07-15,0.615259077693274
2005-07-18,-0.2785192484301046
2005-07-19,-0.8919900497751725
2005-07-20,0.4639506799119951
2005-07-21,-0.9746316116578612
2005-07-22,-0.21196578114676698
2005-07-25,-1.3699758441127918
2005-07-26,0.2059948439088848
2005-07-27,-0.045089408456364284
2005-07-28,0.7384506041041461
2005-07-29,-0.1439243233089697
2005-08-01,-1.3969644646707244
2005-08-02,-0.41562914663922534
2005-08-03,-0.6236128816331353
2005-08-04,-1.316537292289749
2005-08-05,-0.7704873441039802
2005-08-08,0.06995254083086362
2005-08-09,0.5056293339599324
2005-08-10,-0.45732197349779313
2005-08-11,-0.36321356675497896
2005-08-12,-0.21070037943084013
2005-08-15,0.7633302983688338
2005-08-16,-1.750372549870774
2005-08-17,1.5662384725457932
2005-08-18,0.6580007271048198
2005-08-19,-0.37385404878583606
2005-08-22,0.8584760250301265
2005-08-23,-0.9287301787354526
2005-08-24,0.9606950364477914
2005-08-25,0.10564267638066867
2005-08-26,-1.0831491149733414
2005-08-29,-0.2793541472119422
2005-08-30,1.0667963550346968
2005-08-31,-0.6068972639586805
2005-09-01,0.09205203253903362
2005-09-02,0.49477162655992935
2005-09-05,0.45488406133734993
2005-09-06,0.6278276446197758
2005-09-07,-0.6465391198672327
2005-09-08,0.738160391954876
2005-09-09,0.6901205489858838
2005-09-12,0.06463004265143601
2005-09-13,0.2933906092853984
2005-09-14,0.058763881918983844
2005-09-15,-0.016158307132872363
2005-09-16,0.012655629065460089
2005-09-19,0.45049109002011434
2005-09-20,-0.5080199453087347
2005-09-21,-0.41102961405682115
2005-09-22,-1.7495777812518285
2005-09-23,-0.47977358450068175
2005-09-26,0.2794003573693803
2005-09-27,-0.2161260880084212
2005-09-28,0.48520179366021027
2005-09-29,-0.6173559687715503
2005-09-30,-0.641838634489157
2005-10-03,-0.3181336767665122
2005-10-04,-0.346889447278095
2005-10-05,-0.9056222034479515
2005-10-06,-0.43145215419075045
2005-10-07,0.81753379833817
2005-10-10,0.08369827102864409
2005-10-11,-0.615716177943186
2005-10-12,-0.6904660523090596
2005-10-13,-0.03394892922367626
2005-10-14,0.5092143805523459
2005-10-17,1.3471150231018454
2005-10-18,0.11944003905609943
2005-10-19,0.6946611833873451
2005-10-20,0.15167008329165485
2005-10-21,0.6499109129787414
2005-10-24,-0.2559516328857621
2005-10-25,-0.5989572739713674
2005-10-26,0.9184153611250827
2005-10-27,0.07920124801321489
2005-10-28,-0.1720127965228514
2005-10-31,0.4687284255732936
2005-11-01,-0.11944243130233145
2005-11-02,0.5233510356373011
2005-11-03,0.6718184047495785
2005-11-04,0.3682636354338935
2005-11-07,-0.1461499392155458
2005-11-08,-0.23882824022199137
2005-11-09,0.052883219127429944
2005-11-10,0.10074276734693964
2005-11-11,0.05492433236863109
2005-11-14,-0.037157475065019284
2005-11-15,-0.3649498329115542
2005-11-16,-0.28999559333287167
2005-11-17,-0.3672806059615863
2005-11-18,0.6981147898957368
2005-11-21,-0.2616546792185424
2005-11-22,0.6998931047389553
2005-11-23,-0.35837487548355834
2005-11-24,-0.4290908348157238
2005-11-25,-1.3010216174492095
2005-11-28,0.6808893299981686
2005-11-29,0.43865818006408536
2005-11-30,-0.10273398147283962
2005-12-01,1.0383339728610799
2005-12-02,0.3787232944330447
2005-12-05,0.267679407800145
2005-12-06,0.6228555828206215
2005-12-07,-0.10532989794242148
2005-12-08,-0.8326650758360044
2005-12-09,0.11102369924625292
2005-12-12,0.12130053149887783
2005-12-13,-0.028641689982220934
2005-12-14,0.48512744273065656
2005-12-15,-0.3309237276936102
2005-12-16,-0.17090047086304824
2005-12-19,-0.3082177747786239
2005-12-20,-0.06185067882523844
2005-12-21,-0.24257794666816995
2005-12-22,-0.12063535599420068
2005-12-23,-0.5030127627674555
2005-12-26,0.12032397855342628
2005-12-27,-0.25886832503836016
2005-12-28,0.10432280191123681
2005-12-29,-0.0006402823312045379
2005-12-30,0.1855173891224479
2006-01-02,-0.2923763523858313
2006-01-03,0.07824811244077597
2006-01-04,0.033900240518863874
2006-01-05,-0.008256841997387404
2006-01-06,-0.3239540101219084
2006-01-09,0.12154068421717551
2006-01-10,-0.4474713895801774
2006-01-11,0.17707683906361035
2006-01-12,0.10903811715449113
2006-01-13,-0.14692486499681273
2006-01-16,-0.5664046033418927
2006-01-17,0.08297612933344041
2006-01-18,-0.22601286014321498
2006-01-19,-0.16567125801814644
2006-01-20,-0.3208474244155253
2006-01-23,0.14737578443584742
2006-01-24,-0.42911366834357983
2006-01-25,0.050175771541088654
2006-01-26,-0.17101329559476447
2006-01-27,-1.0043601010512102
2006-01-30,-1.3337647673783564
2006-01-31,-0.8721084033922963
2006-02-01,0.10840900759062631
2006-02-02,-0.3030476977501063
2006-02-03,-0.7792479132496398
2006-02-06,1.4328941715248513
2006-02-07,0.1288855782027603
2006-02-08,0.12322144932273933
2006-02-09,0.07319032658762123
2006-02-10,-0.22506366556076238
2006-02-13,-0.7929964141362651
2006-02-14,0.13257296906418964
2006-02-15,-0.17164908398204679
2006-02-16,0.06398228158468883
2006-02-17,0.40908641216485625
2006-02-20,-0.41452886622281215
2006-02-21,-0.30411119138066545
2006-02-22,-0.19324593443792698
2006-02-23,0.48321629482542316
2006-02-24,-0.4997281983103264
2006-02-27,-0.2765390080809447
2006-02-28,-0.39853709567824974
2006-03-01,0.08390692790715865
2006-03-02,-0.8243418046182284
2006-03-03,-0.3271184526662255
2006-03-06,1.0647579510941696
2006-03-07,-0.08686947679134122
2006-03-08,0.12732207439666157
2006-03-09,-0.42168229051461137
2006-03-10,-0.22236008707990212
2006-03-13,0.26998417992713325
2006-03-14,-0.47140529370083695
2006-03-15,0.0636862628872854
2006-03-16,0.03278110828140826
2006-03-17,1.0137607846083168
2006-03-20,0.6022298880544407
2006-03-21,0.9140926382674618
2006-03-22,-0.2069865355651168
2006-03-23,0.2721051532118837
2006-03-24,-0.7460487458432195
2006-03-27,-0.2768207117337043
2006-03-28,0.24144695925648893
2006-03-29,-1.4651638650241556
2006-03-30,0.7315792632225141
2006-03-31,0.5370784606698901
2006-04-03,0.2762415010248217
2006-04-04,0.5715431161279423
2006-04-05,-0.7912902688072155
2006-04-06,0.3867771419129391
2006-04-07,-0.33005471499603684
2006-04-10,-0.5523487433705623
2006-04-11,-1.0663871574665253
2006-04-12,0.33320532906104383
2006-04-13,-1.1156170413766815
2006-04-14,1.116423651542267
2006-04-17,0.21300410215183907
2006-04-18,-0.4978922132468483
2006-04-19,-0.8057130773390281
2006-04-20,0.16176877916415325
2006-04-21,-0.5110962416604156
2006-04-24,-0.744907658416321
2006-04-25,1.0176792499801206
2006-04-26,-0.2943872617621264
2006-04-27,-0.21878283857076114
2006-04-28,-0.21719565687871303
2006-05-01,0.7224077167270814
2006-05-02,0.07169693443547259
2006-05-03,0.011872317194710416
2006-05-04,-0.5499233016744391
2006-05-05,0.7310139643481637
2006-05-08,0.975350761770609
2006-05-09,-0.5158344515652595
2006-05-10,-0.5412650419454617
2006-05-11,0.6138927921888182
2006-05-12,0.5330972531395302
2006-05-15,0.41451212895863115
2006-05-16,0.12078246187367869
2006-05-17,0.0845379052641114
2006-05-18,-0.31781648570689086
2006-05-19,0.8572660790335254
2006-05-22,0.39252543297433695
2006-05-23,0.2663036582458583
2006-05-24,0.2990474156387304
2006-05-25,0.4376101186442502
2006-05-26,-0.14455110225086473
2006-05-29,0.39620400832517366
2006-05-30,0.08890833942694965
2006-05-31,-0.11101911662645125
2006-06-01,-0.37941586960336954
2006-06-02,0.08944430272615535
2006-06-05,-0.08666860798906698
2006-06-06,0.15234601458543284
2006-06-07,-0.34982950246335676
2006-06-08,0.7804375129961301
2006-06-09,0.6433949131322558
2006-06-12,-1.1199237865077607
2006-06-13,0.07974905234166578
2006-06-14,0.4378394054615
2006-06-15,-0.46424051630095997
2006-06-16,1.3424168394981848
2006-06-19,-0.29267348519160935
2006-06-20,-0.29729268761994765
2006-06-21,0.7335228617066274
2006-06-22,-0.5900439685743469
2006-06-23,0.20784702702879918
2006-06-26,0.17900852192595107
2006-06-27,-0.14739700804969158
2006-06-28,0.22509668934863455
2006-06-29,0.5055789208394644
2006-06-30,-0.29157198368823983
2006-07-03,-0.4078154506048013
2006-07-04,0.09383584288733512
2006-07-05,-0.14468906489420574
2006-07-06,-0.9891908930768756
2006-07-07,0.4715215406062985
2006-07-10,0.4648112848809562
2006-07-11,-0.09366475465078908
2006-07-12,-0.2557684157504787
2006-07-13,-0.011740942635551971
2006-07-14,-0.8058305532427698
2006-07-17,-0.4940460480913369
2006-07-18,-0.03187591515851463
2006-07-19,0.11343025167204905
2006-07-20,0.042286675710605445
2006-07-21,0.3240787494412108
2006-07-24,0.6943622173689681
2006-07-25,0.6721704783524113
2006-07-26,-0.09460832027892785
2006-07-27,0.47480718417270734
2006-07-28,-1.3235065935002066
2006-07-31,0.549126246462267
2006-08-01,0.5356495524964606
2006-08-02,-0.13076787575652016
2006-08-03,-1.2595806261484108
2006-08-04,0.42523529393258874
2006-08-07,0.4600213244707699
2006-08-08,0.6665084752618969
2006-08-09,-0.3035056287437635
2006-08-10,-0.5953329509529783
2006-08-11,-0.3194738135201066
2006-08-14,-0.17758224595063635
2006-08-15,0.03747136819954024
2006-08-16,0.27636628456461404
2006-08-17,-0.08113422585507207
2006-08-18,0.5856165618829777
2006-08-21,-0.6141351696647801
2006-08-22,0.11313781547272407
2006-08-23,-0.09100788309834772
2006-08-24,0.8138138725870744
2006-08-25,0.03660825766315923
2006-08-28,-1.2794270312400122
2006-08-29,-0.20633979367899802
2006-08-30,-0.8473473344105247
2006-08-31,0.7555976539859378
2006-09-01,0.18604746688841164
2006-09-04,0.0989985628667572
2006-09-05,-0.41125415959518974
2006-09-06,-0.5497946612982678
2006-09-07,-0.07255855999920731
2006-09-08,0.12655795648694057
2006-09-11,0.2623307251250425
2006-09-12,-0.4122836813103438
2006-09-13,-0.42545993739206206
2006-09-14,0.010231612460571957
2006-09-15,-0.01742574338947416
2006-09-18,-0.44415706621852424
2006-09-19,-0.48692095223107695
2006-09-20,-0.01617474975995384
2006-09-21,0.28008842494172864
2006-09-22,0.22193252134142485
2006-09-25,0.04446887956356148
2006-09-26,-0.05733329432414528
2006-09-27,-0.20018537723137006
2006-09-28,0.2539453066181924
2006-09-29,-0.4869124670963725
2006-10-02,-0.46492170902743835
2006-10-03,0.2855236085112968
2006-10-04,0.8273503236880919
2006-10-05,-0.08631724034253425
2006-10-06,0.6898696171693933
2006-10-09,0.3817159514151865
2006-10-10,0.23461271977427378
2006-10-11,0.07814292507406267
2006-10-12,-0.3255805631969927
2006-10-13,-0.5821243279522108
2006-10-16,0.019300022005930707
2006-10-17,0.21464463290756047
2006-10-18,-0.413252508228234
2006-10-19,-0.04311680433421614
2006-10-20,0.4656681270805654
2006-10-23,-0.4567274318161965
2006-10-24,-0.1599067470905245
2006-10-25,-0.44216300258375835
2006-10-26,-0.2897917210534101
2006-10-27,-0.8269588805354621
2006-10-30,0.11326545186020269
2006-10-31,-0.16207341825667756
2006-11-01,-0.49033015769042937
2006-11-02,-0.3512532548954885
2006-11-03,-0.3870701602458246
2006-11-06,0.21478532434849057
2006-11-07,-0.43939042059171285
2006-11-08,0.14733457977011177
2006-11-09,-0.38002777851538544
2006-11-10,0.20039031172391591
2006-11-13,0.15966330151473213
2006-11-14,0.0044889030447422314
2006-11-15,0.18516621425445992
2006-11-16,-0.31146106952404523
2006-11-17,0.16663877241025996
2006-11-20,0.10167818203695943
2006-11-21,0.031923876487475356
2006-11-22,-0.40985766476487456
2006-11-23,-0.11520105262138265
2006-11-24,0.0448068756893935
2006-11-27,-0.3514469911916607
2006-11-28,-0.19855933241530063
2006-11-29,0.1165288245701409
2006-11-30,-0.06758998075081232
2006-12-01,0.22800254265241585
2006-12-04,-0.10037842861467336
2006-12-05,-0.05682667919904583
2006-12-06,-0.34296885279701217
2006-12-07,-0.27645941606384494
2006-12-08,-0.17379060885511166
2006-12-11,0.3167988335455356
2006-12-12,-0.5083037956254808
2006-12-13,-0.1444513328406976
2006-12-14,0.5501583412792269
2006-12-15,-0.08718622536883108
2006-12-18,0.15724607840426033
2006-12-19,-0.061984023092658304
2006-12-20,-0.3915873422011729
2006-12-21,0.21805139061450587
2006-12-22,0.530240388898578
2006-12-25,-0.44568551092500364
2006-12-26,-0.5445972027194126
2006-12-27,-0.3967859459872036
2006-12-28,0.05324076309902903
2006-12-29,-0.701653770787481
2007-01-01,0.1060256091214657
2007-01-02,-0.3700251157100428
2007-01-03,0.20954445712600323
2007-01-04,0.26675904172519993
2007-01-05,-0.05483692945050865
2007-01-08,-0.27046130694172105
2007-01-09,-0.40383405269899336
2007-01-10,-0.15401885080303881
2007-01-11,-0.00816368024787869
2007-01-12,0.045172803386154065
2007-01-15,0.2445528068117994
2007-01-16,0.39617304826372624
2007-01-17,-0.6619928186158207
2007-01-18,0.3356916939948098
2007-01-19,0.7276998797111024
2007-01-22,0.5993336229386617
2007-01-23,-0.36309071150758027
2007-01-24,-0.6403906018537469
2007-01-25,0.161713325205696
2007-01-26,-0.23182578350817187
2007-01-29,0.17261744984223992
2007-01-30,-0.04634150934774159
2007-01-31,-0.3151515652645538
2007-02-01,0.010073613681141763
2007-02-02,0.5511088538493302
2007-02-05,0.2319722985533949
2007-02-06,0.47004975371461133
2007-02-07,-0.20248107695230322
2007-02-08,-0.20026740031962476
2007-02-09,0.06606962668509662
2007-02-12,-0.5247792359072534
2007-02-13,-0.4051336006263882
2007-02-14,-0.46529414590621
2007-02-15,-0.17502659370128856
2007-02-16,0.15435638836196214
2007-02-19,-0.3769929857069872
2007-02-20,0.3104833738710792
2007-02-21,0.7407488916505767
2007-02-22,0.10009971449511113
2007-02-23,-0.1401205821552335
2007-02-26,0.34470736380160066
2007-02-27,-0.022965133390817554
2007-02-28,-1.346447531846979
2007-03-01,-0.11142352052271912
2007-03-02,0.5212332369898709
2007-03-05,0.6106228198115349
2007-03-06,0.2523705015110919
2007-03-07,-0.2415024311993826
2007-03-08,0.24369941542910417
2007-03-09,0.33829270364911146
2007-03-12,0.5570089157733175
2007-03-13,0.16820530831783434
2007-03-14,-0.904983044225193
2007-03-15,0.4004277701119815
2007-03-16,-0.2864491520022143
2007-03-19,-0.4842241056931757
2007-03-20,0.5068084108724794
2007-03-21,0.5702188707322018
2007-03-22,-0.05296030263019314
2007-03-23,0.13221133994014844
2007-03-26,-0.061731120386681215
2007-03-27,0.7977056416053302
2007-03-28,-0.0721561115393389
2007-03-29,0.2585455458005947
2007-03-30,0.022641315096150808
2007-04-02,-0.7448910550602049
2007-04-03,-0.4061483789332296
2007-04-04,0.5590400688572525
2007-04-05,-0.6330281173881519
2007-04-06,-0.7837595164456879
2007-04-09,-0.17958371078596302
2007-04-10,0.7715003806362476
2007-04-11,0.7914880463009623
2007-04-12,-0.9334880056641662
2007-04-13,-0.43528963798096887
2007-04-16,-0.14058787647035867
2007-04-17,-0.6033229015280672
2007-04-18,-0.16733328909169115
2007-04-19,-0.3460192427919388
2007-04-20,-0.31446070980261454
2007-04-23,0.5534309935299625
2007-04-24,0.6371346770352598
2007-04-25,-0.2782432707786555
2007-04-26,0.2709146177024992
2007-04-27,-0.3322260352520371
2007-04-30,0.5394826157438353
2007-05-01,-0.24982501470948149
2007-05-02,0.4806085298665749
2007-05-03,0.5502016211661962
2007-05-04,-0.026425376451853128
2007-05-07,-0.5979075986941063
2007-05-08,0.11305158071085633
2007-05-09,-0.30880867121254674
2007-05-10,-0.8010380848441218
2007-05-11,0.42869820194828645
2007-05-14,0.20225844763236675
2007-05-15,0.6733557665870918
2007-05-16,1.6087609193465155
2007-05-17,0.1450116234681321
2007-05-18,-0.41462007875861
2007-05-21,0.34326423503168046
2007-05-22,-0.3381097977463057
2007-05-23,-0.11109706851766696
2007-05-24,-1.3050944322815672
2007-05-25,-1.2210718610681672
2007-05-28,0.5174804932995919
2007-05-29,-0.09413686908858972
2007-05-30,-0.2554323380743785
2007-05-31,0.6253243578628052
2007-06-01,-0.6465394323112784
2007-06-04,-0.5667092823858956
2007-06-05,0.07985639239144089
2007-06-06,0.2917468105363971
2007-06-07,0.08823688863117221
2007-06-08,-0.9077594596098002
2007-06-11,0.30740878802584176
2007-06-12,0.006871332860128989
2007-06-13,-0.4399924399857218
2007-06-14,0.07997304972508373
2007-06-15,0.08234743051802182
2007-06-18,-0.1381374614723008
2007-06-19,0.5925911782604488
2007-06-20,0.009167641719690383
2007-06-21,0.4145670249898797
2007-06-22,-0.4544139245604117
2007-06-25,-0.006314589318578882
2007-06-26,0.2185080128032634
2007-06-27,-0.5403351266427593
2007-06-28,-0.9496472251308153
2007-06-29,-0.4833176770385939
2007-07-02,0.02611437435524427
2007-07-03,-0.0876179769758081
2007-07-04,-0.9166978317289625
2007-07-05,0.05091094453184734
2007-07-06,-0.06619630310722993
2007-07-09,0.17980927264772084
2007-07-10,-0.3548648977283818
2007-07-11,-0.4048174663091752
2007-07-12,-0.1096975700288749
2007-07-13,0.13522661452499285
2007-07-16,-0.38374876662847474
2007-07-17,0.023376082990168287
2007-07-18,-0.04526349732813977
2007-07-19,0.1683050333837951
2007-07-20,-0.4308667651472294
2007-07-23,0.1587298984950693
2007-07-24,-0.04448427830423257
2007-07-25,0.11005791711724415
2007-07-26,0.18184616171862553
2007-07-27,0.019975855763324595
2007-07-30,0.1729861794127205
2007-07-31,-0.43155921851101137
2007-08-01,-0.28808597212916026
2007-08-02,0.2432792932471001
2007-08-03,-0.039553216526621575
2007-08-06,0.34364380926925087
2007-08-07,0.22979232548072712
2007-08-08,0.048299570811416774
2007-08-09,-0.2455580333071256
2007-08-10,-0.18931000776824106
2007-08-13,0.3277099773475902
2007-08-14,0.37138542888976067
2007-08-15,0.14787896511419513
2007-08-16,-0.1949551433824106
2007-08-17,-0.06748699775305059
2007-08-20,0.22757729714592193
2007-08-21,0.10491355155109294
2007-08-22,0.992968359697776
2007-08-23,-0.243418066630736
2007-08-24,0.5102122675581461
2007-08-27,-0.1440666439353122
2007-08-28,-0.3320905974678372
2007-08-29,-0.3331703842266468
2007-08-30,0.313227636994293
2007-08-31,0.06259083861866613
2007-09-03,-0.07002256498775947
2007-09-04,-0.046529832711685204
2007-09-05,-0.18910371224579253
2007-09-06,0.0630922776671661
2007-09-07,-0.15775703833929805
2007-09-10,-0.25730791031386807
2007-09-11,0.07305877475381953
2007-09-12,0.5452202909272915
2007-09-13,-0.283638062158807
2007-09-14,0.004387084664648309
2007-09-17,0.13620028139943244
2007-09-18,0.047490907678630734
2007-09-19,-0.13359340396056862
2007-09-20,0.33892871832738036
2007-09-21,-0.00041674981467210083
2007-09-24,0.24400362295855257
2007-09-25,-0.1548560964017863
2007-09-26,-0.16730135925678874
2007-09-27,-0.2699921983678747
2007-09-28,0.47761892032211156
2007-10-01,0.07812716170054379
2007-10-02,0.295672590565493
2007-10-03,0.06901993047655978
2007-10-04,-0.03339870583677793
2007-10-05,0.07348573207830612
2007-10-08,-0.21258188259120703
2007-10-09,0.13176867632749367
2007-10-10,-0.05044845684351186
2007-10-11,0.4569231883764304
2007-10-12,0.1552886780263977
2007-10-15,0.026204619722376594
2007-10-16,0.11369436588317801
2007-10-17,-0.03615690970641889
2007-10-18,-0.0010531615366574786
2007-10-19,0.3131000778279242
2007-10-22,-0.21691508993105815
2007-10-23,0.012680795099317268
2007-10-24,0.16205351645702498
2007-10-25,-0.026388974171163898
2007-10-26,0.4738388105986305
2007-10-29,-0.13059626922641662
2007-10-30,0.12174725537880639
2007-10-31,0.0754274125541884
2007-11-01,-0.8662232346913208
2007-11-02,0.17352991574188154
2007-11-05,-0.42389864477804623
2007-11-06,-0.3650859194313096
2007-11-07,0.20820965166042565
2007-11-08,0.3689818639138493
2007-11-09,0.030298871657465754
2007-11-12,0.4013630576414534
2007-11-13,0.5662600439359436
2007-11-14,-0.03583614947915624
2007-11-15,0.10227120835487613
2007-11-16,0.437821710979101
2007-11-19,-0.32617902994749404
2007-11-20,0.10316168102936343
2007-11-21,0.3070055210589137
2007-11-22,-0.23188815098461932
2007-11-23,-0.188481830563602
2007-11-26,-0.3318434850302897
2007-11-27,-0.2988799269343564
2007-11-28,-0.06824660452314839
2007-11-29,0.18972042659970853
2007-11-30,0.6454550473617119
2007-12-03,-0.0885719594425425
2007-12-04,0.3122324431000888
2007-12-05,0.58688440058933
2007-12-06,0.11783521196950258
2007-12-07,0.28236723450975754
2007-12-10,-0.2584934881940906
2007-12-11,-0.05216426861440243
2007-12-12,0.22587094640450597
2007-12-13,0.4100125042555248
2007-12-14,-0.5124812898733804
2007-12-17,-0.25987324303470327
2007-12-18,0.7739818787618457
2007-12-19,0.4037063443501473
2007-12-20,0.42447939992417333
2007-12-21,-0.36804250130321664
2007-12-24,0.027792043870916588
2007-12-25,0.1568911188027683
2007-12-26,-0.39653322097634613
2007-12-27,0.03571869466416787
2007-12-28,-0.19971473129296274
2007-12-31,-0.48586318551870233
2008-01-01,-0.25058838785568055
2008-01-02,0.7844141328168536
2008-01-03,0.8822762708673121
2008-01-04,-0.6055276745095792
2008-01-07,-0.2536459853754321
2008-01-08,-0.8513728023684246
2008-01-09,-0.3357263930784611
2008-01-10,0.3487255575882739
2008-01-11,0.2879700254736261
2008-01-14,0.11303129189327224
2008-01-15,-0.3080824903124797
2008-01-16,-0.33590059685658413
2008-01-17,-0.3523766180977331
2008-01-18,-0.4264092585147663
2008-01-21,0.2535331052358811
2008-01-22,0.11800871544705736
2008-01-23,0.20651907709499326
2008-01-24,-0.4065173519957002
2008-01-25,-0.6928057707658559
2008-01-28,-0.23028382276773313
2008-01-29,0.012904873672242913
2008-01-30,-0.41462427115624384
2008-01-31,0.382608122146458
2008-02-01,-0.23719024397250543
2008-02-04,-0.3306371440015575
2008-02-05,0.09301203407458018
2008-02-06,0.7221626063606718
2008-02-07,-0.08290620626408436
2008-02-08,0.040203186908892734
2008-02-11,0.019195233678840174
2008-02-12,0.6421299173368179
2008-02-13,0.7174754270300309
2008-02-14,0.0734971163184576
2008-02-15,0.14518077180086802
2008-02-18,-0.15106285082397006
2008-02-19,-0.4978779041587369
2008-02-20,0.5365691771997643
2008-02-21,0.3363854533262995
2008-02-22,0.34054711263769866
2008-02-25,-1.2155326834140396
2008-02-26,0.38022939602149475
2008-02-27,0.24630368938407693
2008-02-28,-0.41029651954770074
2008-02-29,0.3915549707271666
2008-03-03,1.3074489451584812
2008-03-04,0.4740287690663051
2008-03-05,0.43374201448342364
2008-03-06,-1.598007409692668
2008-03-07,-0.22990483486628147
2008-03-10,0.7290404971734227
2008-03-11,-0.7920768559907819
2008-03-12,0.7296096002006638
2008-03-13,-4.259333553447734
2008-03-14,0.7365845852280459
2008-03-17,0.3569843131156621
2008-03-18,-1.2260899639617362
2008-03-19,-0.04296729874621361
2008-03-20,1.720783506987746
2008-03-21,0.9027856112944755
2008-03-24,-0.6789176443849283
2008-03-25,1.0515000058737478
2008-03-26,-1.255545165698963
2008-03-27,-0.12155737821957635
2008-03-28,-0.49730449388870096
2008-03-31,-0.6629166832439046
2008-04-01,1.2715936585462768
2008-04-02,0.7534791035481483
2008-04-03,0.426327151003864
2008-04-04,0.7035103781093781
2008-04-07,0.6735815594123481
2008-04-08,0.7196604997487792
2008-04-09,0.17220807583939232
2008-04-10,1.1071789255086624
2008-04-11,0.07158110296188058
2008-04-14,-0.8009223715583919
2008-04-15,-0.28476623814989704
2008-04-16,0.7481823844378994
2008-04-17,0.08846131553330376
2008-04-18,0.6883425809270193
2008-04-21,0.873685619173017
2008-04-22,0.14784110436475686
2008-04-23,0.37296261104800205
2008-04-24,0.44822530761086316
2008-04-25,0.1623895545492466
2008-04-28,-0.9340018038722645
2008-04-29,1.1760648921574444
2008-04-30,-0.3698903288865833
2008-05-01,-0.5643626050606015
2008-05-02,1.236421699462343
2008-05-05,-0.7174276358548697
2008-05-06,-0.9836386801219612
2008-05-07,0.052159694646698056
2008-05-08,-0.640413807164797
2008-05-09,-0.33986664220386786
2008-05-12,0.06863887185741505
2008-05-13,0.07679984212735115
2008-05-14,-0.2876028796843575
2008-05-15,-0.3727220298261723
2008-05-16,-1.828696969824759
2008-05-19,0.09018065782954686
2008-05-20,-0.07594641155704557
2008-05-21,-0.05210462024558266
2008-05-22,-0.2135191341696743
2008-05-23,0.29809318189055783
2008-05-26,0.8823661921068903
2008-05-27,0.3822156917916764
2008-05-28,0.9147694502832522
2008-05-29,-0.18671145134532557
2008-05-30,-1.151525965346804
2008-06-02,-0.5971524385409178
2008-06-03,0.2943471956190316
2008-06-04,-0.47870040842511646
2008-06-05,-0.09713560413282046
2008-06-06,-0.4022344606797623
2008-06-09,-0.20442420914377857
2008-06-10,-0.35803069907223684
2008-06-11,0.24042094097617747
2008-06-12,-0.323274338810621
2008-06-13,0.0732217618208583
2008-06-16,0.5187843965955962
2008-06-17,0.4088428697067289
2008-06-18,0.02853997618970686
2008-06-19,0.5190557644779422
2008-06-20,0.8943840067144764
2008-06-23,0.5351708345238095
2008-06-24,0.11276950958794063
2008-06-25,1.159401124965307
2008-06-26,0.9212936975492599
2008-06-27,-0.4453524908270793
2008-06-30,0.3431216736813229
2008-07-01,-0.15290806822247208
2008-07-02,0.42851277861581627
2008-07-03,-0.523969503122567
2008-07-04,0.10874024491181225
2008-07-07,-0.15018642712392233
2008-07-08,-0.1920817847285008
2008-07-09,-0.06302274159074125
2008-07-10,0.6953367194488872
2008-07-11,1.5620037675699037
2008-07-14,0.09189567758795783
2008-07-15,0.18659704200396857
2008-07-16,0.13323716965653698
2008-07-17,-1.0060737445985566
2008-07-18,-0.14688845968194095
2008-07-21,0.37869351990147876
2008-07-22,0.035553547450074365
2008-07-23,-0.18880441642871582
2008-07-24,0.3945417724067284
2008-07-25,0.23066253054040076
2008-07-28,0.5592588996563534
2008-07-29,0.05547017817472384
2008-07-30,-0.034480159070832135
2008-07-31,0.1227707386726729
2008-08-01,0.3115946589832368
2008-08-04,-0.21013824676435666
2008-08-05,0.3471243617456616
2008-08-06,0.04205258369734977
2008-08-07,-0.08568307195142337
2008-08-08,0.47593177390300573
2008-08-11,-0.2608070190888074
2008-08-12,-0.8722140802400272
2008-08-13,0.0479451702244103
2008-08-14,-0.00499589522127339
2008-08-15,0.23584536087738528
2008-08-18,0.10080292003952641
2008-08-19,0.7152159406052604
2008-08-20,0.36842262145333177
2008-08-21,-0.2444019825686567
2008-08-22,0.5205483220396857
2008-08-25,0.09934958543921879
2008-08-26,-0.7614641566048537
2008-08-27,0.2897588398295567
2008-08-28,0.35244423085845056
2008-08-29,0.1182885544476667
2008-09-01,0.03319430374223534
2008-09-02,-0.23229297561995593
2008-09-03,-0.3408842611506721
2008-09-04,0.21884876821682694
2008-09-05,-0.2829078611796645
2008-09-08,0.7516165622402851
2008-09-09,-0.3609867112852261
2008-09-10,-0.9252317060037724
2008-09-11,-0.055741334864817006
2008-09-12,0.1004696871358939
2008-09-15,-0.7978369877677799
2008-09-16,0.19662385240871127
2008-09-17,-0.6453364207747847
2008-09-18,-0.9223896073403011
2008-09-19,0.5432246544853013
2008-09-22,-0.5685458802476284
2008-09-23,0.09308809226433744
2008-09-24,-0.8392578678533114
2008-09-25,-0.08895114106458929
2008-09-26,-0.7308401255589735
2008-09-29,0.6882313118939608
2008-09-30,-0.07146103724151927
2008-10-01,0.18898749957743316
2008-10-02,0.3122497565953456
2008-10-03,0.16426277483766535
2008-10-06,-0.8253077190448237
2008-10-07,-0.09900284354986236
2008-10-08,0.17086022730955205
2008-10-09,0.19985015581034057
2008-10-10,-0.4880561199699314
2008-10-13,0.4663021056683726
2008-10-14,0.264237568544755
2008-10-15,0.06200219596555249
2008-10-16,0.11087678557762931
2008-10-17,-0.34645019173086844
2008-10-20,-0.23988902511304952
2008-10-21,0.3078120270532601
2008-10-22,0.1678308841736145
2008-10-23,0.8480295990968543
2008-10-24,0.9531555671737746
2008-10-27,-0.3090176132206405
2008-10-28,-0.3790688390084593
2008-10-29,-0.3090689165831268
2008-10-30,0.8201400818666078
2008-10-31,-0.17340287937806106
2008-11-03,0.01930789851961174
2008-11-04,-0.8525277181999209
2008-11-05,0.602439403242855
2008-11-06,-0.08396775565697905
2008-11-07,0.524089825853698
2008-11-10,-1.1429532386102945
2008-11-11,-0.8678693073941839
2008-11-12,-0.7334830659346375
2008-11-13,0.13343096592444714
2008-11-14,-0.36092551655963695
2008-11-17,0.8668862425950069
2008-11-18,-0.6033517203961022
2008-11-19,-0.5491829583316603
2008-11-20,0.7970973093014381
2008-11-21,0.7545835062266618
2008-11-24,-0.2055322519311874
2008-11-25,-0.6837126763657787
2008-11-26,0.26814694962295216
2008-11-27,0.1968451479335057
2008-11-28,-0.7549643839444128
2008-12-01,0.17283356359630825
2008-12-02,0.9994947252622447
2008-12-03,-0.4960650919968658
2008-12-04,0.34607633765614915
2008-12-05,-0.9970113823914994
2008-12-08,-0.35625591401100803
2008-12-09,-0.19366366807841914
2008-12-10,0.6453917996704588
2008-12-11,0.4243763149823352
2008-12-12,0.0744018990142426
2008-12-15,-0.07598597797407426
2008-12-16,0.13382623152961606
2008-12-17,-0.21071003482331715
2008-12-18,0.07296012451395431
2008-12-19,0.04655991968487443
2008-12-22,-0.2163671330004385
2008-12-23,-0.04778024830715453
2008-12-24,-1.3570584218433228
2008-12-25,0.8392619456721684
2008-12-26,-0.21279030193198306
2008-12-29,-0.14010610677555668
2008-12-30,0.10659870182394374
2008-12-31,0.3152549558024053
2009-01-01,0.18545625055448284
2009-01-02,-0.2451580864540406
2009-01-05,0.9442873569611766
2009-01-06,0.13086240921599065
2009-01-07,-0.31275568469978837
2009-01-08,-1.3851043075130685
2009-01-09,0.10148121168936917
2009-01-12,-0.893015545076305
2009-01-13,-0.02088445853567949
2009-01-14,-0.0710546815390122
2009-01-15,-0.5630548610083185
2009-01-16,-0.5284282275432365
2009-01-19,-1.2286801689975708
2009-01-20,-1.0481676979871484
2009-01-21,-0.1672010713371988
2009-01-22,-0.34904545590062036
2009-01-23,0.17932324781012593
2009-01-26,0.5646080498497918
2009-01-27,1.060602831040823
2009-01-28,0.34578032757749533
2009-01-29,1.3141996093499257
2009-01-30,3.230203674815271
2009-02-02,-2.5014995138160576
2009-02-03,-0.4824225995153424
2009-02-04,-0.24788413683646884
2009-02-05,-1.3961579408217837
2009-02-06,0.889064727305101
2009-02-09,1.2734743577248049
2009-02-10,1.8513010290643908
2009-02-11,-0.8364146290799038
2009-02-12,-0.239569397898393
2009-02-13,1.4606249792584383
2009-02-16,-0.6704283937979657
2009-02-17,0.1494146430995681
2009-02-18,-0.5526729455545679
2009-02-19,-0.1984775362044931
2009-02-20,-0.08014633648015912
2009-02-23,1.0362831692869672
2009-02-24,-0.26916862363499444
2009-02-25,-0.5478835151532501
2009-02-26,0.9322196079014149
2009-02-27,-1.6053266208163042
2009-03-02,0.3577577316437971
2009-03-03,1.2809666216741142
2009-03-04,-0.3574214252518252
2009-03-05,-0.23628596373105898
2009-03-06,0.22491059502847005
2009-03-09,0.8204882245465016
2009-03-10,0.7350670025518238
2009-03-11,-0.09669158199890081
2009-03-12,0.19725799539046351
2009-03-13,-0.8767650797168615
2009-03-16,-0.5386352561777206
2009-03-17,0.06129523357431179
2009-03-18,-0.2618688766799036
2009-03-19,-0.3250203229108864
2009-03-20,0.40279369815215577
2009-03-23,0.35540933676584546
2009-03-24,0.3968712184044704
2009-03-25,-0.07692717106124103
2009-03-26,-0.13344535285567619
2009-03-27,-0.7390944231002056
2009-03-30,0.5061519178790844
2009-03-31,-0.8487625628390852
2009-04-01,-0.14397760915022634
2009-04-02,0.6931663977941503
2009-04-03,0.09456747424327328
2009-04-06,0.507674341678931
2009-04-07,0.19365032668820073
2009-04-08,-0.3410968963911379
2009-04-09,-0.07815081836034013
2009-04-10,1.542996386990895
2009-04-13,1.8248311617386317
2009-04-14,3.1519360970774257
2009-04-15,-1.3406488967441272
2009-04-16,-2.1913765722044483
2009-04-17,-0.8495351006697704
2009-04-20,-0.7530211210024549
2009-04-21,-0.11984273853897189
2009-04-22,1.6110377411194414
2009-04-23,-0.16444024464533044
2009-04-24,0.5292502424274249
2009-04-27,-1.766664795778887
2009-04-28,0.11571922278480934
2009-04-29,0.42350293424958085
2009-04-30,-0.925435015534761
2009-05-01,0.457414454742656
2009-05-04,1.5500718937778153
2009-05-05,-0.13711598684190915
2009-05-06,-1.3309655221667545
2009-05-07,0.29020533150708505
2009-05-08,-1.8661349606283755
2009-05-11,0.48229375572029975
2009-05-12,-0.667185595741181
2009-05-13,-1.367528999902202
2009-05-14,2.1694126775698663
2009-05-15,-0.1038047787340448
2009-05-18,-0.47898075142690505
2009-05-19,0.7360943478745521
2009-05-20,0.250199623175334
2009-05-21,-0.6944945914918558
2009-05-22,1.1151016844232822
2009-05-25,0.486314509086246
2009-05-26,0.18031433245795045
2009-05-27,-0.06498273002942812
2009-05-28,-0.5975366121633505
2009-05-29,-0.08223173431364922
2009-06-01,0.9853021225735731
2009-06-02,-0.6723953262352658
2009-06-03,0.09057162819185681
2009-06-04,0.5510292830943395
2009-06-05,0.17833702450353847
2009-06-08,-1.5171475824625678
2009-06-09,1.4588312937967451
2009-06-10,0.23816925998236405
2009-06-11,0.0967389967721768
2009-06-12,-1.441884091426208
2009-06-15,1.3042134005580894
2009-06-16,0.24453286955845313
2009-06-17,0.5277812170854815
2009-06-18,0.8029251259304384
2009-06-19,0.5020827346463648
2009-06-22,-0.1128161161408183
2009-06-23,0.46699672082517024
2009-06-24,0.6762004713670206
2009-06-25,0.06845572228181865
2009-06-26,-0.14313875732571033
2009-06-29,-1.126560310122618
2009-06-30,-1.0739311244051466
2009-07-01,0.7410170899772538
2009-07-02,-0.006092386901853595
2009-07-03,0.3810745058926247
2009-07-06,-0.1714228678543284
2009-07-07,-0.5935039250891313
2009-07-08,0.18609437754319955
2009-07-09,-0.15378300762324626
2009-07-10,0.5841176663870526
2009-07-13,-0.32024277716053967
2009-07-14,-0.7871056029461714
2009-07-15,0.33900992021293674
2009-07-16,-0.5422254521869231
2009-07-17,0.09622032289373827
2009-07-20,0.29372210834999507
2009-07-21,-0.0005134715863046159
2009-07-22,-0.11465453571623734
2009-07-23,0.9083543352397176
2009-07-24,-0.07126615604632343
2009-07-27,0.4055734037828546
2009-07-28,0.7617182894368846
2009-07-29,0.7831139599591959
2009-07-30,-0.7274349072279617
2009-07-31,0.8796508789573623
2009-08-03,1.1050740469492917
2009-08-04,0.13014524483603557
2009-08-05,0.1976236672312641
2009-08-06,-0.11565432386122282
2009-08-07,0.03824644652488124
2009-08-10,-0.08690578676474903
2009-08-11,-0.34545532713739296
2009-08-12,-0.11665473719615106
2009-08-13,0.060450144218082924
2009-08-14,-1.0777726564244499
2009-08-17,0.3156137172096825
2009-08-18,0.04654194912174069
2009-08-19,-0.12492111302424905
2009-08-20,-0.2306179492635236
2009-08-21,-0.2057099854939478
2009-08-24,-0.6643619319820722
2009-08-25,-0.7631023799912889
2009-08-26,-0.1101709589691549
2009-08-27,-0.36548039615579175
2009-08-28,0.015569298779348451
2009-08-31,-0.6190190865040139
2009-09-01,0.29038310604062434
2009-09-02,-0.010178527070658227
2009-09-03,-0.4046579528631959
2009-09-04,0.07318216535655284
2009-09-07,-0.08372760363596081
2009-09-08,0.5464847357139857
2009-09-09,-0.6211235663399625
2009-09-10,1.8457003821316225
2009-09-11,0.47664790040230787
2009-09-14,0.12170693182705344
2009-09-15,0.4973145366879222
2009-09-16,-0.27431190260923854
2009-09-17,1.5247681841934737
2009-09-18,0.6168929643827832
2009-09-21,-0.1915970785630899
2009-09-22,0.09926461764353166
2009-09-23,1.308199218675575
2009-09-24,-0.23019488321168727
2009-09-25,0.9807833746134831
2009-09-28,-0.15962707800134007
2009-09-29,-1.246935739674284
2009-09-30,-1.1093410915679334
2009-10-01,-0.2739355351381801
2009-10-02,-0.8308626833956685
2009-10-05,0.750121540139851
2009-10-06,0.7357688072321533
2009-10-07,0.38998859027711874
2009-10-08,1.6984976380651882
2009-10-09,-1.300756835781203
2009-10-12,-0.9398201472886168
2009-10-13,-0.0754878498441328
2009-10-14,0.9900602638982635
2009-10-15,-0.8732176306244868
2009-10-16,1.5784296148588832
2009-10-19,1.727907620935949
2009-10-20,-0.6891518652069103
2009-10-21,0.14208510059382043
2009-10-22,0.2630489278593885
2009-10-23,-1.279607606855717
2009-10-26,-1.4079535983903984
2009-10-27,1.3243546328823965
2009-10-28,0.4540871566079263
2009-10-29,0.6041475519449212
2009-10-30,-1.0428076098957861
2009-11-02,0.0817634355565323
2009-11-03,-0.23359900368691158
2009-11-04,-0.8363563956072828
2009-11-05,-0.2098788149826828
2009-11-06,-0.11612406073467993
2009-11-09,0.10669817499118006
2009-11-10,0.1793065231093817
2009-11-11,1.1271026564117868
2009-11-12,-0.5538079453515896
2009-11-13,0.7475347395407594
2009-11-16,1.1968994560195119
2009-11-17,0.9914841528241614
2009-11-18,0.3100834581531134
2009-11-19,0.5754492770221555
2009-11-20,0.857671141776349
2009-11-23,-0.6206698594133748
2009-11-24,-0.7490264970615819
2009-11-25,-0.4128977335051471
2009-11-26,-0.47666619155986295
2009-11-27,0.06570453091864312
2009-11-30,-0.4758257001070279
2009-12-01,-0.2601970908664968
2009-12-02,0.14424150191522722
2009-12-03,-0.16003646584197137
2009-12-04,0.3894703449828239
2009-12-07,0.27643314017936144
2009-12-08,0.14671401650533897
2009-12-09,-0.10996152446884659
2009-12-10,0.6257886458236743
2009-12-11,0.2601438686307938
2009-12-14,-0.5585531047617681
2009-12-15,-0.35951127093180407
2009-12-16,0.8391558433216743
2009-12-17,0.28209085877712803
2009-12-18,0.25897332425543423
2009-12-21,0.9691416839472463
2009-12-22,0.28387789835864496
2009-12-23,-0.31199127543961563
2009-12-24,-0.23851856917903774
2009-12-25,-0.007742119358111682
2009-12-28,-0.5597140893977837
2009-12-29,0.3570604462489489
2009-12-30,-0.9936692396486235
2009-12-31,-0.3292318776468485
2010-01-01,-0.18605714242016308
2010-01-04,-0.11010717523556074
2010-01-05,-0.3650004804213347
2010-01-06,-0.265922938782876
2010-01-07,0.809591115065205
2010-01-08,0.1938823104388293
2010-01-11,-0.3424709511686048
2010-01-12,0.37562932726006215
2010-01-13,-0.14986659917797754
2010-01-14,0.5296325363889721
2010-01-15,-0.3555730218629541
2010-01-18,-0.5433090816999789
2010-01-19,-0.19677416523619407
2010-01-20,0.1724983984318859
2010-01-21,0.7426879425278259
2010-01-22,0.5870234517594477
2010-01-25,1.3144565235503993
2010-01-26,0.15281073199509018
2010-01-27,0.49612463675255136
2010-01-28,0.755677112841899
2010-01-29,-1.222919414431456
2010-02-01,0.6679358861149931
2010-02-02,-0.38573540072206997
2010-02-03,0.06197089577296427
2010-02-04,-0.408226087435031
2010-02-05,1.0556834112618856
2010-02-08,-0.8105030875765119
2010-02-09,-0.2180474128293446
2010-02-10,-0.4566236260529429
2010-02-11,-0.7025303572636552
2010-02-12,0.6657488255775619
2010-02-15,0.37183163908743727
2010-02-16,1.2071412458405502
2010-02-17,1.0625768335242713
2010-02-18,-0.4505902979076411
2010-02-19,-0.1179626592820541
2010-02-22,0.07499248320088857
2010-02-23,-0.0013899635183276429
2010-02-24,0.5591478730847756
2010-02-25,0.01509272839296282
2010-02-26,-0.14829278157492448
2010-03-01,-0.42174798417815873
2010-03-02,0.08918688882852917
2010-03-03,-0.2548504041910012
2010-03-04,-1.2660305926195556
2010-03-05,0.437081016812887
2010-03-08,-0.03608604149703048
2010-03-09,-0.09971338069112223
2010-03-10,0.6648566696977003
2010-03-11,-0.3957542700341575
2010-03-12,-0.4104936899753228
2010-03-15,0.15488580315776007
2010-03-16,-1.395881124073206
2010-03-17,-0.17011784594312912
2010-03-18,-0.6311350028016097
2010-03-19,0.8765015339377868
2010-03-22,1.2877542502968236
2010-03-23,-0.6025328785613346
2010-03-24,0.9774621160672718
2010-03-25,-0.7962490915057546
2010-03-26,2.497302208346823
2010-03-29,2.5324089143488564
2010-03-30,-1.160212960774585
2010-03-31,0.2159707039845728
2010-04-01,0.438849815318279
2010-04-02,-0.799035279215614
2010-04-05,-0.16266653241034087
2010-04-06,0.6730951483967333
2010-04-07,0.05667342309961281
2010-04-08,1.28479438009243
2010-04-09,0.4569348336895065
2010-04-12,0.27591362600762886
2010-04-13,0.2525243059452573
2010-04-14,3.6721809241681274
2010-04-15,1.2931777031793399
2010-04-16,-2.0678558371648426
2010-04-19,-0.19228801136547566
2010-04-20,0.3049019369979961
2010-04-21,0.28949984346532137
2010-04-22,-0.41731478781256776
2010-04-23,-1.3073624008710567
2010-04-26,-0.9990091185011069
2010-04-27,3.7739776659641078
2010-04-28,-0.9691514453237368
2010-04-29,-0.32480512143364665
2010-04-30,-0.3590232126756355
2010-05-03,1.7893379623633385
2010-05-04,0.47781868219822016
2010-05-05,-1.0568736212734666
2010-05-06,1.0527698301199864
2010-05-07,0.5044655050744123
2010-05-10,-0.6987393429013479
2010-05-11,-0.08437027577602338
2010-05-12,-1.5025785291048201
2010-05-13,-0.40736291225698307
2010-05-14,-0.09872153684526255
2010-05-17,-1.156433332662496
2010-05-18,0.7786006424929643
2010-05-19,-1.0186292296860184
2010-05-20,-0.5258838994045237
2010-05-21,-1.7465051890469905
2010-05-24,0.8115957818551518
2010-05-25,-1.3736417151586195
2010-05-26,1.0069023557780987
2010-05-27,0.47308699239330637
2010-05-28,0.12010000351678797
2010-05-31,-1.2253756020242141
2010-06-01,-0.7654329676813716
2010-06-02,0.5902377959650291
2010-06-03,-0.30227868389692897
2010-06-04,-0.1358782553228357
2010-06-07,-0.5135500552805756
2010-06-08,0.856754635590425
2010-06-09,-0.11351458827600316
2010-06-10,-0.6230486586184228
2010-06-11,0.7638056233667907
2010-06-14,0.2496325230489391
2010-06-15,-0.4082120645370296
2010-06-16,-0.43435349358197295
2010-06-17,0.4022664547797477
2010-06-18,0.34382641165274463
2010-06-21,0.4906301047836207
2010-06-22,0.44442386809716
2010-06-23,0.4071064544285144
2010-06-24,-0.2255326254974648
2010-06-25,0.5779312553182784
2010-06-28,-1.0011604661571618
2010-06-29,0.24625751057000467
2010-06-30,-0.5928047939517381
2010-07-01,0.19840393780671373
2010-07-02,0.2300963314370674
2010-07-05,-0.6595884193617502
2010-07-06,-0.39760890884161787
2010-07-07,-0.252411624475566
2010-07-08,-0.6042060006835709
2010-07-09,1.0154204867693128
2010-07-12,0.7347846383994058
2010-07-13,-0.6843810278199394
2010-07-14,1.8833118807743119
2010-07-15,0.8155329172599403
2010-07-16,-0.016318369516601143
2010-07-19,0.7367340516439724
2010-07-20,2.174389153055982
2010-07-21,0.7958164425681127
2010-07-22,-1.0661551862245926
2010-07-23,0.6121390163606288
2010-07-26,-0.23565597622037368
2010-07-27,-0.7045327643714214
2010-07-28,1.1258601455529083
2010-07-29,1.5426843263229917
2010-07-30,0.11657127486596437
2010-08-02,-0.10758660975198345
2010-08-03,0.3176979492391199
2010-08-04,0.9622053907487521
2010-08-05,-0.6933195749086147
2010-08-06,1.2891498791621068
2010-08-09,-1.172243741295207
2010-08-10,0.9106405107725303
2010-08-11,1.2276562989486222
2010-08-12,-0.37941898890897174
2010-08-13,1.0745389448825313
2010-08-16,0.3341387430599941
2010-08-17,2.0860843892983483
2010-08-18,0.2584454645927663
2010-08-19,-1.080372471439651
2010-08-20,-3.177355830793855
2010-08-23,0.8649771473991754
2010-08-24,0.9145007226220637
2010-08-25,-0.37796981534177554
2010-08-26,2.1373475229206558
2010-08-27,-1.1439096288968968
2010-08-30,1.7479457838779346
2010-08-31,-1.0671953902886462
2010-09-01,-0.5533059355209992
2010-09-02,2.070285419633416
2010-09-03,2.927110295371041
2010-09-06,-0.5367232778492709
2010-09-07,1.3177746476874843
2010-09-08,-7.892269139160848
2010-09-09,0.8780604825566447
2010-09-10,2.1001308390928966
2010-09-13,1.4717192800074759
2010-09-14,1.6403457024910957
2010-09-15,3.7815289593751444
2010-09-16,0.5211099994654267
2010-09-17,-0.08459899171865164
2010-09-20,2.417338561662116
2010-09-21,-2.850083279585346
2010-09-22,-0.6563928947744572
2010-09-23,-0.8755059166629389
2010-09-24,1.0490188520515664
2010-09-27,1.8480379512389329
2010-09-28,-0.2853410699106281
2010-09-29,-2.5750917868151726
2010-09-30,-0.7162880699372904
2010-10-01,2.1217953136271475
2010-10-04,-2.8108730641287667
2010-10-05,3.205061358145669
2010-10-06,0.9408846874898996
2010-10-07,-0.07099305856974741
2010-10-08,0.2723963240198217
2010-10-11,-1.2378242232725585
2010-10-12,2.1960384094453564
2010-10-13,0.2187858882636218
2010-10-14,0.749240239557562
2010-10-15,4.257966106434617
2010-10-18,-0.7707741752329116
2010-10-19,-1.5209317848671042
2010-10-20,2.15142064685993
2010-10-21,-0.051643671911414155
2010-10-22,0.756386670728713
2010-10-25,-1.255599956400458
2010-10-26,-0.9554242283808173
2010-10-27,-1.9881975441619348
2010-10-28,-0.7207680606115604
2010-10-29,0.23679141342804105
2010-11-01,-0.5391461400232725
2010-11-02,-0.0031208219142193497
2010-11-03,-0.97561330409415
2010-11-04,3.0764783363803847
2010-11-05,-0.7323864335996141
2010-11-08,0.4719617339931602
2010-11-09,-0.08263333303099304
2010-11-10,-2.789834798158073
2010-11-11,-0.13366594718330116
2010-11-12,-2.2267086575249455
2010-11-15,1.4006800887297108
2010-11-16,-0.29688879828196263
2010-11-17,-0.7185269062116408
2010-11-18,-2.7609863964329757
2010-11-19,-0.5925422323672771
2010-11-22,0.44150169778652604
2010-11-23,1.0309010394016067
2010-11-24,-1.8694062593422838
2010-11-25,1.1607160705503954
2010-11-26,-0.8458793040412077
2010-11-29,0.7796975280387958
2010-11-30,0.8397749399839917
2010-12-01,-0.5016558801773245
2010-12-02,0.23667647608889616
2010-12-03,-1.1617319543453406
2010-12-06,0.9859328028464683
2010-12-07,2.5369791299474524
2010-12-08,0.6176669815608928
2010-12-09,-0.5820972415356415
2010-12-10,-2.58518902063256
2010-12-13,1.9213832212296418
2010-12-14,1.9721548365292405
2010-12-15,0.5750713060405137
2010-12-16,-1.1174949620591692
2010-12-17,-0.39469562831980426
2010-12-20,-1.505838574617156
2010-12-21,-1.9143123800489934
2010-12-22,0.978207888523976
2010-12-23,0.24652448756073167
2010-12-24,-0.44900982779884085
2010-12-27,0.5030389494860078
2010-12-28,2.668045862972489
2010-12-29,-0.5704751159242452
2010-12-30,-0.7809900883930564
2010-12-31,0.8295104229405319
2011-01-03,1.9481564084189422
2011-01-04,0.21588361337796935
2011-01-05,-0.7363081890675449
2011-01-06,-1.6242347941183768
2011-01-07,1.2024522462874283
2011-01-10,0.1575959857832307
2011-01-11,-0.9605527765116468
2011-01-12,-0.35577078386483846
2011-01-13,1.041441516588313
2011-01-14,-0.2880057220240521
2011-01-17,-0.3095881995737237
2011-01-18,1.9461807860451208
2011-01-19,0.4915159766296248
2011-01-20,0.9714748482072018
2011-01-21,-0.712769266892214
2011-01-24,-0.6984063891886952
2011-01-25,-1.4375799340139275
2011-01-26,-2.499350811531645
2011-01-27,-0.18744247711276657
2011-01-28,-0.022620239755797415
2011-01-31,0.6635006047135824
2011-02-01,1.091898349183477
2011-02-02,-0.5217328098029801
2011-02-03,1.791560777427082
2011-02-04,-0.9706518681878913
2011-02-07,-0.9751179767003177
2011-02-08,-0.05243654218637841
2011-02-09,-0.9423372604690384
2011-02-10,0.2057949459294519
2011-02-11,0.4037247361673778
2011-02-14,0.09444377587334368
2011-02-15,-0.6112638685655302
2011-02-16,-0.46295287481981234
2011-02-17,1.5338178187024
2011-02-18,-0.8523853603499905
2011-02-21,0.39032257476260435
2011-02-22,-3.408402778304731
2011-02-23,0.5306930531743126
2011-02-24,0.08487484685938691
2011-02-25,-0.11776602289314173
2011-02-28,0.3990628735176391
2011-03-01,-0.008580209772627308
2011-03-02,0.3738558551552451
2011-03-03,1.976131636847106
2011-03-04,-1.2893720107863653
2011-03-07,-0.1893061564988773
2011-03-08,0.15169321169264266
2011-03-09,0.4177403731901469
2011-03-10,-0.8874518336090097
2011-03-11,0.6556606558212271
2011-03-14,-0.6442672016995664
2011-03-15,0.47649459897721264
2011-03-16,0.0024096415256899804
2011-03-17,0.33361243483408054
2011-03-18,0.9179331270110355
2011-03-21,0.3751750106971275
2011-03-22,-0.3419804053836592
2011-03-23,-1.1123842340465515
2011-03-24,0.6620673966695592
2011-03-25,-1.0738699424513538
2011-03-28,0.5940240137493837
2011-03-29,-0.14201716388326158
2011-03-30,-0.6057872840266705
2011-03-31,-0.973668485775927
2011-04-01,-0.3758635693974101
2011-04-04,0.47265554083368144
2011-04-05,0.6087090238360504
2011-04-06,-0.016263729425014976
2011-04-07,-0.11606889549415304
2011-04-08,-0.34835653765344804
2011-04-11,-0.10199126997024108
2011-04-12,0.048497070116642185
2011-04-13,-0.5948575668862607
2011-04-14,-0.37318448671623783
2011-04-15,0.21619261007030308
2011-04-18,0.2607070574584436
2011-04-19,0.37464521306975934
2011-04-20,0.4375204108445691
2011-04-21,-0.3092003429375162
2011-04-22,0.8958125209620235
2011-04-25,-0.22738675264763278
2011-04-26,-0.9467178412112501
2011-04-27,0.7084354203003906
2011-04-28,-0.03630080351275179
2011-04-29,-0.7288045428863783
2011-05-02,-0.2505741003094708
2011-05-03,0.8985049400340136
2011-05-04,-1.769622471412852
2011-05-05,-0.10393189078762927
2011-05-06,-0.2789588796243027
2011-05-09,0.007830143487996996
2011-05-10,-0.647022260969156
2011-05-11,1.0522760498872505
2011-05-12,1.2496273813893457
2011-05-13,-0.2743137779740756
2011-05-16,-1.5033779526143838
2011-05-17,-0.2450299768510767
2011-05-18,0.5820401337032229
2011-05-19,-0.2578427032678884
2011-05-20,0.9086927126288308
2011-05-23,-0.5436532449613974
2011-05-24,0.8371140479584045
2011-05-25,-0.540710078797013
2011-05-26,-0.12307818455911751
2011-05-27,0.9104656519811741
2011-05-30,-1.3812391727647408
2011-05-31,0.055095591599937675
2011-06-01,-0.42845137028523367
2011-06-02,-0.032409608147355884
2011-06-03,-0.9628331940151067
2011-06-06,-1.1334992796255368
2011-06-07,0.26413004890997
2011-06-08,0.25451677953332746
2011-06-09,0.807043326120754
2011-06-10,0.21247758028134273
2011-06-13,0.04873112635178648
2011-06-14,0.5828756000881915
2011-06-15,-0.6874255371255059
2011-06-16,0.035782114481429386
2011-06-17,-0.7247547827947595
2011-06-20,0.3933264067365507
2011-06-21,0.2704359842243939
2011-06-22,-0.6101880074934685
2011-06-23,-0.012767126719556019
2011-06-24,-1.4327554563043785
2011-06-27,-0.9906301880432486
2011-06-28,0.3033494419893943
2011-06-29,-0.23814130476624276
2011-06-30,-0.4699880999311222
2011-07-01,-0.1715789144100578
2011-07-04,0.35905017392651184
2011-07-05,0.43569650626340745
2011-07-06,0.09838076945677308
2011-07-07,0.667883548505797
2011-07-08,0.5404575018797955
2011-07-11,-0.47112728177220314
2011-07-12,0.21288667429986877
2011-07-13,0.339145666837191
2011-07-14,0.3414008443165757
2011-07-15,0.29218046258310415
2011-07-18,-0.2971809963695145
2011-07-19,-0.11354682432211269
2011-07-20,0.17114932615926906
2011-07-21,-0.48479148283144774
2011-07-22,-0.07816875324484794
2011-07-25,-0.705749870671503
2011-07-26,-0.02383663100842223
2011-07-27,0.20866522539336194
2011-07-28,0.5115981504405646
2011-07-29,-0.12840539924280953
2011-08-01,-0.1792945528943112
2011-08-02,0.5000295379917407
2011-08-03,-0.03764328395743104
2011-08-04,0.0929191827004226
2011-08-05,0.7683791369612576
2011-08-08,-1.1030474916713158
2011-08-09,0.5582915120020504
2011-08-10,0.49428550993548503
2011-08-11,-0.46447962111130997
2011-08-12,-0.576910739070104
2011-08-15,0.08481377914042916
2011-08-16,-0.19544305520592228
2011-08-17,-0.07068828158501496
2011-08-18,0.12155465568775493
2011-08-19,-0.2710144246789126
2011-08-22,0.0243439964487989
2011-08-23,0.6627456633716311
2011-08-24,0.00017789855407721622
2011-08-25,-0.2840154553043469
2011-08-26,-0.05224485315028533
2011-08-29,0.535709886763044
2011-08-30,0.5313801967673535
2011-08-31,-0.3264000339675964
2011-09-01,-0.7115042881569825
2011-09-02,-0.48920492762072887
2011-09-05,0.3175264813141918
2011-09-06,0.6692431783922674
2011-09-07,-0.45337364096843036
2011-09-08,-0.3732367912525288
2011-09-09,0.04880193250664643
2011-09-12,-0.5069945218657465
2011-09-13,-0.10209698556460832
2011-09-14,-0.4356904071551917
2011-09-15,-0.020301868983263027
2011-09-16,-0.3195960066099393
2011-09-19,0.5185934484598231
2011-09-20,0.2462186435570166
2011-09-21,-0.26886818081435954
2011-09-22,-0.04944325554359189
2011-09-23,-0.2642820112050838
2011-09-26,0.08333724164959526
2011-09-27,-0.18425605765238284
2011-09-28,-0.4066791916585392
2011-09-29,-0.5189267483001994
2011-09-30,0.009032342259076278
2011-10-03,-0.4549684028226327
2011-10-04,0.46113735946120943
2011-10-05,0.3330153408037563
2011-10-06,0.3061403915312743
2011-10-07,0.27380596747053243
2011-10-10,-1.1313282770413882
2011-10-11,0.33679536992133363
2011-10-12,0.5642189687166036
2011-10-13,-0.15497434864374082
2011-10-14,0.8723697883915422
2011-10-17,-0.30887190082701194
2011-10-18,0.15365167265910804
2011-10-19,-0.05782360728402843
2011-10-20,0.06877813722285685
2011-10-21,-0.11859025278600561
2011-10-24,0.1264826714182875
2011-10-25,-0.7354465418940339
2011-10-26,0.6060294336155353
2011-10-27,0.3445770203803699
2011-10-28,0.7494545638914529
2011-10-31,-0.32424034361086723
2011-11-01,0.17017549755161446
2011-11-02,0.04809813866357429
2011-11-03,0.46485590598112486
2011-11-04,0.04474176769520843
2011-11-07,-0.25407380231456117
2011-11-08,0.3621258896769947
2011-11-09,0.030294843577722677
2011-11-10,0.9815394436426749
2011-11-11,0.3490931535734084
2011-11-14,-0.569208359495149
2011-11-15,0.8972067587210684
2011-11-16,0.22941662884849875
2011-11-17,0.19503162663841755
2011-11-18,0.07985671829070666
2011-11-21,-0.6389202026467244
2011-11-22,0.5560164524730452
2011-11-23,-0.10585175125632942
2011-11-24,0.21259438734123778
2011-11-25,-0.17824703940716755
2011-11-28,0.7063451873644698
2011-11-29,-0.6828143758087346
2011-11-30,0.2727932890564232
2011-12-01,0.047270855726177397
2011-12-02,0.6146533507253695
2011-12-05,-0.6878269481295227
2011-12-06,0.16652247527079966
2011-12-07,0.09465216728518491
2011-12-08,-0.19127976801953633
2011-12-09,-0.4185892029091059
2011-12-12,-0.5221363318748692
2011-12-13,-1.0663743336512552
2011-12-14,-0.9706394787576996
2011-12-15,-0.2714197863932794
2011-12-16,-0.13962907156577375
2011-12-19,-0.13676915151645302
2011-12-20,0.03246675284072385
2011-12-21,-0.8526915071310268
2011-12-22,0.21845643807197257
2011-12-23,-0.5682615731718303
2011-12-26,-0.2882425535857496
2011-12-27,-0.39306454575241706
2011-12-28,-0.08598535497734355
2011-12-29,0.17928018232375698
2011-12-30,0.8191626455583595
2012-01-02,-0.1740055749304034
2012-01-03,-0.2639825238540989
2012-01-04,-0.4312521116814343
2012-01-05,0.028475887760322133
2012-01-06,0.29832323044564124
2012-01-09,-0.5275098410329834
2012-01-10,-0.18338703201280807
2012-01-11,0.2813895179225955
2012-01-12,0.047168235438339645
2012-01-13,-0.5553928931286929
2012-01-16,1.1087890245609404
2012-01-17,-0.42763200951937047
2012-01-18,-0.012968920004924389
2012-01-19,-0.07066273475602572
2012-01-20,0.016138249138243233
2012-01-23,-0.3674819540308413
2012-01-24,0.3157280247814831
2012-01-25,-0.7592410463189316
2012-01-26,0.4006597194480667
2012-01-27,-0.38546678502915693
2012-01-30,0.562040913502678
2012-01-31,-0.04772900769823285
2012-02-01,-1.700879812992384
2012-02-02,0.3280382586056852
2012-02-03,1.0470758214384472
2012-02-06,0.33942681803331015
2012-02-07,-1.312270973947808
2012-02-08,0.323836681966106
2012-02-09,-0.19828296351411864
2012-02-10,0.878087599399409
2012-02-13,0.35304989559411715
2012-02-14,0.27802080298319765
2012-02-15,-0.2286932892089268
2012-02-16,0.3829287523690242
2012-02-17,0.09384222865994112
2012-02-20,0.7048964341028544
2012-02-21,0.834103929946884
2012-02-22,1.3008128409564919
2012-02-23,-0.24410850127358227
2012-02-24,-0.1332888668776349
2012-02-27,-0.14075349461263423
2012-02-28,0.28730804561917994
2012-02-29,-0.18780368809675824
2012-03-01,-0.5933162410225006
2012-03-02,0.5687382423992875
2012-03-05,0.1593006093677215
2012-03-06,0.056467359527120946
2012-03-07,-0.35299408822246314
2012-03-08,-0.1932788787097326
2012-03-09,-0.9406807596926837
2012-03-12,-0.4112213900419154
2012-03-13,-0.3928560744543782
2012-03-14,-0.06797653283306204
2012-03-15,-0.6654216511967446
2012-03-16,0.0023384235772781117
2012-03-19,0.6533138239126429
2012-03-20,-0.22444644205970035
2012-03-21,9.43293203116084e-05
2012-03-22,-0.0051519805174862635
2012-03-23,0.17429200445734438
2012-03-26,-1.4853041066238963
2012-03-27,0.7367015350247275
2012-03-28,0.3140484448919493
2012-03-29,-0.36902329692136726
2012-03-30,0.15187295575672913
2012-04-02,-0.3860796908474075
2012-04-03,0.0926685148300109
2012-04-04,0.7269622735416826
2012-04-05,0.5105527901628608
2012-04-06,0.14758817256044307
2012-04-09,0.8333262003652222
2012-04-10,1.1252986515672443
2012-04-11,-0.3664195521242835
2012-04-12,0.40629224365712496
2012-04-13,0.8046764356756232
2012-04-16,-0.18289051826303945
2012-04-17,-0.377362895725495
2012-04-18,-0.844165958725851
2012-04-19,0.8082085254583915
2012-04-20,-0.5017952568298393
2012-04-23,-0.23931781053225357
2012-04-24,-0.31065445580981166
2012-04-25,0.9182936374993419
2012-04-26,-1.6502184217778386
2012-04-27,1.5333657734804733
2012-04-30,-1.6567103254770275
2012-05-01,-0.10335434884399222
2012-05-02,0.505130126463211
2012-05-03,-1.5079603057749553
2012-05-04,-0.6366721839290823
2012-05-07,0.06647284345640149
2012-05-08,2.2686869256122746
2012-05-09,-0.7529545713918646
2012-05-10,-2.4827331346403807
2012-05-11,-0.1152688254414566
2012-05-14,1.038810635329189
2012-05-15,-0.3972400608260061
2012-05-16,0.8811212110553875
2012-05-17,-0.7617151283833633
2012-05-18,-0.6139433336914262
2012-05-21,0.5959959600508419
2012-05-22,0.08712176733113917
2012-05-23,0.7140839992445149
2012-05-24,-0.0843146485726834
2012-05-25,1.3723066050621044
2012-05-28,-0.16247977087633556
2012-05-29,-0.9101283159085508
2012-05-30,-1.390538050983788
2012-05-31,-0.34448559054953143
2012-06-01,-0.8608029464684477
2012-06-04,1.0610116399508216
2012-06-05,0.6109672317284583
2012-06-06,1.1650833730827543
2012-06-07,-0.7913705448484245
2012-06-08,-0.3102916736694825
2012-06-11,-0.9639483577496858
2012-06-12,-0.7416781132037849
2012-06-13,-0.1871331633855344
2012-06-14,-0.21670230066792023
2012-06-15,-0.23049268378152143
2012-06-18,0.026348842097751703
2012-06-19,0.6812391177875964
2012-06-20,0.17844119808334222
2012-06-21,0.9698994445449862
2012-06-22,-0.017904778133456513
2012-06-25,0.3906616363198985
2012-06-26,0.3246804649256161
2012-06-27,-0.4707820187337466
2012-06-28,-0.22703267911036604
2012-06-29,-0.9533831152052821
2012-07-02,0.1214079365912403
2012-07-03,-0.059515439068147484
2012-07-04,-0.3215192270001848
2012-07-05,0.10405455476124541
2012-07-06,-0.2530641556544901
2012-07-09,0.6187751722917628
2012-07-10,-0.19001380910740104
2012-07-11,0.5964923735753442
2012-07-12,-0.0889473111895269
2012-07-13,1.0115685250334425
2012-07-16,-0.18724372035863251
2012-07-17,-0.37248167325065085
2012-07-18,-0.007947636667398084
2012-07-19,-1.1050339994262237
2012-07-20,-0.729009325213654
2012-07-23,-0.24941427192353371
2012-07-24,0.009885579630890247
2012-07-25,-0.20074524091256923
2012-07-26,-0.5790884782390697
2012-07-27,-0.3681543879439941
2012-07-30,0.7490715412292042
2012-07-31,1.0264874300716482
2012-08-01,1.938054079494892
2012-08-02,-0.14363903684983817
2012-08-03,0.6770609671420504
2012-08-06,0.17046362893110065
2012-08-07,-0.7833297924506968
2012-08-08,0.3078503609822501
2012-08-09,-0.2781661526580038
2012-08-10,-1.065111130798697
2012-08-13,0.04945670583012253
2012-08-14,-0.12438409623446087
2012-08-15,0.1780797328333618
2012-08-16,1.0620930724719688
2012-08-17,-0.35376507132730267
2012-08-20,-0.5899916701357736
2012-08-21,-0.8190176911603821
2012-08-22,1.2052468666161231
2012-08-23,-0.45064134844695164
2012-08-24,-0.3509702135776579
2012-08-27,-0.6293920412267475
2012-08-28,0.13002636876531995
2012-08-29,0.0050915032941735786
2012-08-30,0.556018537299503
2012-08-31,0.44369377789323944
2012-09-03,0.5016304347976677
2012-09-04,-0.6461648190265348
2012-09-05,0.4601700079147962
2012-09-06,-0.2888566023249135
2012-09-07,0.021566994044194602
2012-09-10,0.8420124089598193
2012-09-11,-0.4732326377206275
2012-09-12,-0.6287831786615865
2012-09-13,-1.072247614292501
2012-09-14,0.33735459977368976
2012-09-17,-0.14927940490174268
2012-09-18,-0.11615238867403066
2012-09-19,-0.04395075179690236
2012-09-20,-0.29026999474716325
2012-09-21,-0.27426586329119906
2012-09-24,0.25360998946922536
2012-09-25,-0.8029292697440907
2012-09-26,0.742354555652826
2012-09-27,0.32608771716727974
2012-09-28,-0.3905602450985434
2012-10-01,-0.1629700892837104
2012-10-02,0.22395322526493178
2012-10-03,0.6759768579273
2012-10-04,-0.766407188583882
2012-10-05,0.04414915506788091
2012-10-08,-0.10554184059352739
2012-10-09,0.23212500510370368
2012-10-10,-0.1897347827849748
2012-10-11,0.0976845203414989
2012-10-12,-0.11874890898468088
2012-10-15,-0.23534962622041747
2012-10-16,-0.22127153696633026
2012-10-17,0.3764516841990018
2012-10-18,0.09016298574270208
2012-10-19,-0.22781521171003
2012-10-22,-0.03783013837200982
2012-10-23,-0.026293312257305017
2012-10-24,-0.7817087852239504
2012-10-25,-0.7581470210992579
2012-10-26,0.44272370284898077
2012-10-29,-0.04338560641915976
2012-10-30,0.25564708775533135
2012-10-31,-0.28551204242390765
2012-11-01,0.028304389285751717
2012-11-02,0.21257254419666147
2012-11-05,0.737677874540782
2012-11-06,0.1506614997929597
2012-11-07,0.07449983583067381
2012-11-08,0.36948834341832437
2012-11-09,-0.1685968637613758
2012-11-12,0.7113825463947453
2012-11-13,-0.1410781341813116
2012-11-14,0.5651875904451681
2012-11-15,-0.7178734192876554
2012-11-16,0.2890711542752577
2012-11-19,-0.2811475665227223
2012-11-20,-0.4118642140628039
2012-11-21,-1.8465916221222973
2012-11-22,0.10611281945321796
2012-11-23,1.2008681648473918
2012-11-26,-0.18037825838906124
2012-11-27,0.23407215019660613
2012-11-28,-0.02546147565139052
2012-11-29,-0.1369601006819601
2012-11-30,0.45353845410260524
2012-12-03,-0.31529751411422113
2012-12-04,1.8221922961851191
2012-12-05,-0.4280052559247229
2012-12-06,-0.4337781451731448
2012-12-07,-0.969213695191531
2012-12-10,-1.3904762751123663
2012-12-11,2.0818245843194534
2012-12-12,0.0991545092650139
2012-12-13,-2.3008009638076
2012-12-14,-0.053651549440192896
2012-12-17,-0.044014577164446365
2012-12-18,0.28882538368570787
2012-12-19,0.45004342568290484
2012-12-20,0.4852621122175047
2012-12-21,-0.5168953868872882
2012-12-24,-0.9280702514553468
2012-12-25,-0.7800525448796031
2012-12-26,0.9557439238413599
2012-12-27,1.0449400649750293
2012-12-28,-0.716914439922309
2012-12-31,-0.4347165614594673
2013-01-01,0.10818603764859297
2013-01-02,0.46333903286842065
2013-01-03,-0.8176152171596809
2013-01-04,0.36383105526262566
2013-01-07,1.090392364462169
2013-01-08,-2.2418031296428453
2013-01-09,-0.0330991834211545
2013-01-10,-0.2630363947840136
2013-01-11,-0.47329794688565013
2013-01-14,0.5786137847563435
2013-01-15,-0.22544487766975313
2013-01-16,0.6221005179058697
2013-01-17,-0.061444338718935
2013-01-18,-0.34534966341688283
2013-01-21,0.25153449758386365
2013-01-22,-0.05499155212222283
2013-01-23,-0.17504982976232264
2013-01-24,-1.1343848980437972
2013-01-25,0.22969299667976717
2013-01-28,-1.1388783673024243
2013-01-29,0.08251324564775565
2013-01-30,0.016713894688930094
2013-01-31,-0.2785033247877183
2013-02-01,-0.45449241214656
2013-02-04,0.05151249643829185
2013-02-05,-0.37655959218899226
2013-02-06,0.09011922451218432
2013-02-07,-0.10265332199859578
2013-02-08,0.312815250457349
2013-02-11,-0.16144253019120977
2013-02-12,-0.13151673025363805
2013-02-13,-0.196603873888734
2013-02-14,0.40809059485909943
2013-02-15,-0.5449555067230195
2013-02-18,0.014044300490922805
2013-02-19,-0.06784164461503958
2013-02-20,1.4558954566277462
2013-02-21,-0.3596392578393866
2013-02-22,-0.7447362743731711
2013-02-25,-0.6647263312199343
2013-02-26,-0.2508983761258687
2013-02-27,-1.0793129099522152
2013-02-28,0.13967636953060017
2013-03-01,0.5822241924468482
2013-03-04,0.2597169042978617
2013-03-05,-0.38470702632202036
2013-03-06,-0.8246358626492922
2013-03-07,-0.12946682931394135
2013-03-08,-0.4260563779393975
2013-03-11,-0.8580752548212651
2013-03-12,-0.2792135747460122
2013-03-13,0.07668439340209668
2013-03-14,-0.181032037788181
2013-03-15,-0.34882891003860816
2013-03-18,-0.22628292817004067
2013-03-19,-0.12011635024580947
2013-03-20,-0.09500218972023736
2013-03-21,-0.23969552473877967
2013-03-22,0.45873069940507805
2013-03-25,0.6434183823623908
2013-03-26,0.027725148270334322
2013-03-27,0.09289390308017693
2013-03-28,0.6443181863548072
2013-03-29,-0.7478559737346949
2013-04-01,-0.38557222719481266
2013-04-02,0.0888122489169207
2013-04-03,0.43507118951999885
2013-04-04,-0.8287149128948332
2013-04-05,-0.6137733290082644
2013-04-08,0.14830620196882857
2013-04-09,1.2718310390023122
2013-04-10,1.387212262239255
2013-04-11,-0.910641607840267
2013-04-12,0.39910926785343753
2013-04-15,1.9672543481927456
2013-04-16,0.43922241453368605
2013-04-17,-1.1835330696381388
2013-04-18,1.8169250624773283
2013-04-19,-2.1561105048064606
2013-04-22,0.13905639736138933
2013-04-23,0.07906232243194783
2013-04-24,-1.4328336440010716
2013-04-25,-1.352943671418851
2013-04-26,-0.5345533744595141
2013-04-29,0.048674941896531994
2013-04-30,0.7706527781128595
2013-05-01,-3.7427403851941605
2013-05-02,-1.101068163730867
2013-05-03,-2.0876966357646243
2013-05-06,-0.8643452697035255
2013-05-07,3.716465880259121
2013-05-08,-2.038815211326761
2013-05-09,-0.03724011668895384
2013-05-10,-2.644741276309359
2013-05-13,-1.8592473201749593
2013-05-14,0.47876123994972686
2013-05-15,0.7529472934696158
2013-05-16,3.35161169071024
2013-05-17,-0.6860428787228813
2013-05-20,1.7522227848734861
2013-05-21,3.6981462808727614
2013-05-22,-0.6497370460573214
2013-05-23,1.120316118356498
2013-05-24,3.4160641662191167
2013-05-27,-4.120777611934173
2013-05-28,0.1716316996637689
2013-05-29,-0.529662985669147
2013-05-30,4.327867852388276
2013-05-31,-5.066808400559402
2013-06-03,-0.13874739623656207
2013-06-04,1.9703702486735575
2013-06-05,-1.490525757044734
2013-06-06,0.46509059685761883
2013-06-07,1.2556220592238438
2013-06-10,-0.7059988942448517
2013-06-11,5.568253864603838
2013-06-12,3.5469064586184644
2013-06-13,-4.154598130833638
2013-06-14,0.7390525583162468
2013-06-17,1.2762375754109794
2013-06-18,-1.7530765791922556
2013-06-19,2.400350589668961
2013-06-20,0.013646378483547422
2013-06-21,1.4426270327904624
2013-06-24,0.6430321482565328
2013-06-25,2.5273547660352045
2013-06-26,0.10074872903833028
2013-06-27,-0.2574245581528661
2013-06-28,-0.1882940509027858
2013-07-01,2.0530784633300345
2013-07-02,1.9548755266680342
2013-07-03,-0.07656222472173546
2013-07-04,0.9940416028047517
2013-07-05,0.14912455761022642
2013-07-08,-0.8065844330801472
2013-07-09,2.6505560464796134
2013-07-10,6.1771537060423
2013-07-11,1.7309860717730172
2013-07-12,1.1666305795358056
2013-07-15,-2.0125265261032528
2013-07-16,0.11584160019849331
2013-07-17,2.206501967976202
2013-07-18,2.615198031579263
2013-07-19,-0.05696199553065344
2013-07-22,2.4251699547713823
2013-07-23,-6.686273709844788
2013-07-24,-0.457690946313307
2013-07-25,-0.09418725051408816
2013-07-26,0.7259463295764248
2013-07-29,-1.6318511393411754
2013-07-30,-1.47278872932929
2013-07-31,2.4199412818566026
2013-08-01,-1.3538228826498926
2013-08-02,-1.635709857964914
2013-08-05,5.186861269736002
2013-08-06,2.721871241755737
2013-08-07,-3.80935300377372
2013-08-08,0.7266097379116835
2013-08-09,2.066740190273655
2013-08-12,-4.593498102608443
2013-08-13,0.4383566421671364
2013-08-14,0.02859456594953582
2013-08-15,0.5946842268580372
2013-08-16,0.9690788322148115
2013-08-19,-0.37814465049656404
2013-08-20,-0.2221335980443359
2013-08-21,2.3107796190731285
2013-08-22,-3.072998543284534
2013-08-23,2.085584023485522
2013-08-26,-0.35924204213583993
2013-08-27,-4.947516804098391
2013-08-28,-2.4877273639827346
2013-08-29,-1.3707175265059486
2013-08-30,0.4241220490800718
2013-09-02,1.6543827841620646
2013-09-03,-1.7856479883509102
2013-09-04,-0.12312762229391679
2013-09-05,2.4465589246978086
2013-09-06,5.781366207746219
2013-09-09,0.9125676359181171
2013-09-10,6.394857597161328
2013-09-11,-0.8943775982196059
2013-09-12,-1.960628577811491
2013-09-13,1.9005167972502344
2013-09-16,-2.223314422623593
2013-09-17,-1.4125479269302108
2013-09-18,2.3735689728683074
2013-09-19,2.0604027193453045
2013-09-20,-1.2006288854934652
2013-09-23,1.8670603645487036
2013-09-24,0.5328459809621745
2013-09-25,0.3211611567543931
2013-09-26,0.7142858496678008
2013-09-27,2.636183154266818
2013-09-30,0.8449214262941637
2013-10-01,0.5106135531118398
2013-10-02,-7.2776452054509155
2013-10-03,0.4423994646986676
2013-10-04,-1.1387876402976818
2013-10-07,6.856522558780452
2013-10-08,-2.910450620554883
2013-10-09,-0.8338213733113575
2013-10-10,0.8098392885523878
2013-10-11,-2.8209964542185118
2013-10-14,-1.3284684825977953
2013-10-15,1.6961029268847971
2013-10-16,0.2626395296543481
2013-10-17,-1.2259083985166914
2013-10-18,1.6526823374494177
2013-10-21,-2.393131815733673
2013-10-22,-0.33771356351913934
2013-10-23,-0.4520258286161991
2013-10-24,0.10977089704790599
2013-10-25,1.745646461366027
2013-10-28,-1.731752641879856
2013-10-29,0.9553553899949989
2013-10-30,-0.9099908858871844
2013-10-31,1.2657104127308059
2013-11-01,-0.05975916969820924
2013-11-04,0.051833926807702616
2013-11-05,-1.723787116278751
2013-11-06,-2.3479797768475024
2013-11-07,1.1326504014559822
2013-11-08,1.0951959005158793
2013-11-11,-1.102275297598253
2013-11-12,0.8871249970953284
2013-11-13,2.0287424227652333
2013-11-14,-2.699474334149782
2013-11-15,0.013695175166158008
2013-11-18,2.547555651388397
2013-11-19,0.9940988385756679
2013-11-20,-1.486251950343139
2013-11-21,-2.4566024323866142
2013-11-22,-1.5102141630740784
2013-11-25,1.4731592142787984
2013-11-26,1.090642923374626
2013-11-27,-0.866071895723452
2013-11-28,1.4198301794055583
2013-11-29,-1.8918880167903727
2013-12-02,-0.14904116489489413
2013-12-03,2.871805518197862
2013-12-04,-2.7027171784284034
2013-12-05,0.13212013730800684
2013-12-06,-0.005848243830815309
2013-12-09,-0.5135952250340746
2013-12-10,2.827517823008326
2013-12-11,-0.8760176542183006
2013-12-12,-0.1455918120033309
2013-12-13,-1.1289266644406648
2013-12-16,1.4470054228396256
2013-12-17,-0.4162062244360567
2013-12-18,1.1813556895607262
2013-12-19,-1.2107153472223353
2013-12-20,-0.9155970362131942
2013-12-23,1.8071441819318768
2013-12-24,-2.1498068772673853
2013-12-25,1.973420815655869
2013-12-26,-0.28165530240774866
2013-12-27,0.33211832622239906
2013-12-30,-0.680445397663634
2013-12-31,-0.09258272388471414
2014-01-01,-0.2881147059928202
2014-01-02,1.2700902832783336
2014-01-03,-1.9327640350406956
2014-01-06,1.097287012253333
2014-01-07,0.7879600466949744
2014-01-08,-0.10123610514781903
2014-01-09,0.19771354908006664
2014-01-10,-1.1332141710824737
2014-01-13,-3.513370483527609
2014-01-14,1.45801267625315
2014-01-15,1.0067886118931388
2014-01-16,-0.8435346025615618
2014-01-17,0.9259155564350736
2014-01-20,2.0794924790246565
2014-01-21,-0.8952173277051088
2014-01-22,-0.782019533249158
2014-01-23,1.549421286657615
2014-01-24,1.5920680039592012
2014-01-27,-1.072593064172044
2014-01-28,1.6308226022224996
2014-01-29,-0.7034561401660974
2014-01-30,-0.2842779706959495
2014-01-31,-1.6936109984897154
2014-02-03,0.33668316999187825
2014-02-04,0.36930370998559836
2014-02-05,-0.4574716220796731
2014-02-06,0.25817614815042955
2014-02-07,-0.9028227537702881
2014-02-10,-0.12391752003250738
2014-02-11,0.025062163699829304
2014-02-12,0.8108621930471008
2014-02-13,0.16060083922707463
2014-02-14,-1.1870734432985304
2014-02-17,-2.335354988879982
2014-02-18,-0.729333442518539
2014-02-19,0.6036339297848411
2014-02-20,-0.31092106589991403
2014-02-21,0.899014116042452
2014-02-24,-0.22206880513808736
2014-02-25,-0.1966399066648446
2014-02-26,-0.036271049997536955
2014-02-27,-0.033850887742511264
2014-02-28,-0.04445156861973776
2014-03-03,0.274405806520567
2014-03-04,-0.37140361893703433
2014-03-05,-0.25261007589203344
2014-03-06,0.06551969997668579
2014-03-07,-0.48251643366472996
2014-03-10,0.9829238952289903
2014-03-11,-0.07302367024128718
2014-03-12,-1.4950321201249244
2014-03-13,-0.36579155298087224
2014-03-14,0.5308854059471796
2014-03-17,0.39726849558075766
2014-03-18,-0.2878589590423663
2014-03-19,-0.31241839801503507
2014-03-20,0.5602130098099937
2014-03-21,-0.01744191397267657
2014-03-24,-0.10760510438816151
2014-03-25,0.36831758712382506
2014-03-26,0.5327030368557332
2014-03-27,-0.31283317347588685
2014-03-28,-0.08243934211253287
2014-03-31,0.9673193230376317
2014-04-01,-0.13108696337519357
2014-04-02,-0.2742055726922696
2014-04-03,-0.0713802699092856
2014-04-04,-0.011763686114662705
2014-04-07,0.7410747925357293
2014-04-08,0.9403022888746906
2014-04-09,0.07219855324072064
2014-04-10,-0.09412250145970855
2014-04-11,0.12390076783309756
2014-04-14,-0.6296485664812598
2014-04-15,-0.08087778946168975
2014-04-16,0.6461058433879038
2014-04-17,-0.416830976888137
2014-04-18,0.04220385620638472
2014-04-21,-0.1812378476417021
2014-04-22,-0.8263184543050934
2014-04-23,0.3481644638813383
2014-04-24,0.4319731125894409
2014-04-25,0.11609330446460124
2014-04-28,0.479772288498755
2014-04-29,0.15479254485810184
2014-04-30,-0.12315555110208469
2014-05-01,-0.38084658257153836
2014-05-02,-0.34911297290662924
2014-05-05,-0.39913505768917285
2014-05-06,-0.20180197523232724
2014-05-07,-0.1231778552467796
2014-05-08,0.2502583385508448
2014-05-09,-0.20283146236760208
2014-05-12,0.30706052238877923
2014-05-13,-0.9352757531788588
2014-05-14,-1.7239514101615632
2014-05-15,1.2767388613935133
2014-05-16,-0.01631792867026215
2014-05-19,0.5004616205238426
2014-05-20,0.9906020595580723
2014-05-21,0.795309028764892
2014-05-22,0.49556817684289745
2014-05-23,-0.5144561474279106
2014-05-26,0.28068113057637856
2014-05-27,0.019255618078739906
2014-05-28,0.26675233288781
2014-05-29,-0.36436653458280094
2014-05-30,-0.006574967585443761
2014-06-02,0.9054370280546455
2014-06-03,0.3477175090724244
2014-06-04,-0.008494360087721777
2014-06-05,-0.19020688290505938
2014-06-06,-0.6106159494609689
2014-06-09,0.023962529860354496
2014-06-10,0.48202688225375445
2014-06-11,0.05844293953941189
2014-06-12,0.6409488104272582
2014-06-13,1.0046355245524916
2014-06-16,0.5733670391249122
2014-06-17,0.488195617198449
2014-06-18,-0.6343224422464335
2014-06-19,0.06087713016428105
2014-06-20,0.08739879465845943
2014-06-23,-0.9842982417999546
2014-06-24,0.04666867376668128
2014-06-25,-0.9884682188889394
2014-06-26,-0.9855498641093032
2014-06-27,0.6934111563174673
2014-06-30,0.4070464043758415
2014-07-01,-0.47943924764005574
2014-07-02,-0.7978879282189801
2014-07-03,0.1572075294857436
2014-07-04,0.5999221751139479
2014-07-07,0.13360824074527658
2014-07-08,-0.7799393297651636
2014-07-09,-0.5685481976685876
2014-07-10,0.4771041898196859
2014-07-11,1.3933341375746013
2014-07-14,-0.6723145403449322
2014-07-15,-1.3271626222296569
2014-07-16,0.5787828989305062
2014-07-17,-1.3637466740754944
2014-07-18,-0.6308893863129844
2014-07-21,0.6435937502619258
2014-07-22,-0.29171916932275244
2014-07-23,-0.5548087312421925
2014-07-24,-0.4689191336452544
2014-07-25,-0.9318478142485734
2014-07-28,-0.22140822813288527
2014-07-29,0.6495120396504417
2014-07-30,-3.409191165625833
2014-07-31,0.26086038464229616
2014-08-01,-2.9456615837901827
2014-08-04,1.9039363722017686
2014-08-05,-1.0073971026554014
2014-08-06,0.7876779383268689
2014-08-07,-1.359084628688806
2014-08-08,0.9046966075554833
2014-08-11,0.6180957635755616
2014-08-12,-1.9844657923792328
2014-08-13,-1.1669975702268414
2014-08-14,-0.7624775686561859
2014-08-15,1.567855704132688
2014-08-18,1.7389577607898672
2014-08-19,-1.151307343457222
2014-08-20,1.0975683254456816
2014-08-21,0.7921330307204661
2014-08-22,1.3025022163337268
2014-08-25,-1.0731064630129759
2014-08-26,0.12655522135139466
2014-08-27,0.7062285353553082
2014-08-28,0.5714983560933473
2014-08-29,0.39942124101933635
2014-09-01,-1.5869382949971114
2014-09-02,-0.27382850936437514
2014-09-03,-0.6656007575241157
2014-09-04,0.5281911617780101
2014-09-05,0.2841696342139448
2014-09-08,-0.0661290702708437
2014-09-09,-0.701238534578522
2014-09-10,-0.37016621106576014
2014-09-11,-0.6203314962714442
2014-09-12,0.6622048726029518
2014-09-15,-0.1484456333327988
2014-09-16,0.19349026453419876
2014-09-17,0.6159809996549646
2014-09-18,0.1551259683644755
2014-09-19,0.06588202635813531
2014-09-22,0.3905501336993273
2014-09-23,0.07900783834993352
2014-09-24,0.005211508179429064
2014-09-25,-0.40835663258529237
2014-09-26,0.1456857181795074
2014-09-29,0.20831789852215044
2014-09-30,-0.515535443215695
2014-10-01,-0.0602886210629957
2014-10-02,-0.7811594516946966
2014-10-03,-0.5394976627071844
2014-10-06,-0.06738975376718741
2014-10-07,0.061999768459052355
2014-10-08,-0.7015295584309503
2014-10-09,0.011835102319694495
2014-10-10,0.26513393464313967
2014-10-13,0.15242360964945997
2014-10-14,-0.3745661190954488
2014-10-15,0.6508400976378436
2014-10-16,0.3804886223708848
2014-10-17,0.16891664347217586
2014-10-20,-0.04788443141092128
2014-10-21,0.37604195020666215
2014-10-22,0.08421075102478097
2014-10-23,-0.4621926204574454
2014-10-24,0.5734915576049558
2014-10-27,0.0713829121671497
2014-10-28,-0.026473837694278423
2014-10-29,-0.09515225641270807
2014-10-30,-0.2038029088812316
2014-10-31,-0.10222147217083839
2014-11-03,0.10457009531095118
2014-11-04,-0.2027141328941988
2014-11-05,-0.23249874439971943
2014-11-06,-0.5559461914879685
2014-11-07,0.08089443888121045
2014-11-10,0.23223563003533354
2014-11-11,-0.011901586748908701
2014-11-12,0.7065871847807826
2014-11-13,0.25994433303606507
2014-11-14,0.23938534044235998
2014-11-17,0.2766102681296851
2014-11-18,-0.26822202726026667
2014-11-19,-0.7316567094428653
2014-11-20,-0.2013433971197299
2014-11-21,0.1878936150641206
2014-11-24,-0.9043370094677157
2014-11-25,-0.050581273661772376
2014-11-26,-1.7502166259812164
2014-11-27,-0.3291126100764154
2014-11-28,-0.09361424706268247
2014-12-01,-0.04241376245233347
2014-12-02,0.20606719262300408
2014-12-03,-0.7132585478559808
2014-12-04,0.316434401230556
2014-12-05,-0.6546871384824758
2014-12-08,0.7768987035705714
2014-12-09,0.4450931846114095
2014-12-10,-0.4388572859988933
2014-12-11,0.15186310653828888
2014-12-12,-1.264984806475313
2014-12-15,0.8060167759003618
2014-12-16,-0.5726663609200772
2014-12-17,4.009675504508614
2014-12-18,-2.475478447776314
2014-12-19,2.5879686027473054
2014-12-22,0.1833149915860609
2014-12-23,-5.334570971300461
2014-12-24,1.5993914509913096
2014-12-25,0.7709437087494011
2014-12-26,3.3226665460650273
2014-12-29,-3.59604250861379
2014-12-30,-0.5336395728208386
2014-12-31,-2.3199123068935146
2015-01-01,-2.237337347902274
2015-01-02,0.8680318214904104
2015-01-05,-0.6632022474282859
2015-01-06,-3.014525235009266
2015-01-07,0.577633091410886
2015-01-08,-1.770569180036763
2015-01-09,0.032835362320009824
2015-01-12,1.1144482230186088
2015-01-13,-0.23566533330450648
2015-01-14,-1.8038218458691837
2015-01-15,1.4673629189176929
2015-01-16,0.27054750214622436
2015-01-19,-3.0211826275139844
2015-01-20,0.43781704665409277
2015-01-21,1.0216177610427213
2015-01-22,0.876273388226455
2015-01-23,0.3178761327371071
2015-01-26,0.0994591965767296
2015-01-27,-0.29911921032416894
2015-01-28,-0.21176453612910687
2015-01-29,1.5328144888864106
2015-01-30,-0.3167545276562574
2015-02-02,-0.49682059766420966
2015-02-03,-0.5032921305675139
2015-02-04,0.5177041993159684
2015-02-05,-0.48714780242236466
2015-02-06,0.3832930801330214
2015-02-09,0.17321967540783575
2015-02-10,1.4324041382777815
2015-02-11,-0.3843802955417867
2015-02-12,0.3304349859861717
2015-02-13,-0.33361892379711083
2015-02-16,0.24681772038862948
2015-02-17,-0.025855753927173777
2015-02-18,0.7080617418578298
2015-02-19,-0.3005108106756019
2015-02-20,-0.8578756884737647
2015-02-23,-0.8319087614536264
2015-02-24,0.1110404006664555
2015-02-25,-0.6752307017734102
2015-02-26,-0.24363965247056504
2015-02-27,-0.3205481140650618
2015-03-02,1.1009243926918075
2015-03-03,0.6199475422020891
2015-03-04,-0.5024597992058952
2015-03-05,-0.0803507474232448
2015-03-06,-0.8578899470907664
2015-03-09,0.48773230855263505
2015-03-10,0.4265286449506397
2015-03-11,-0.12393411747977477
2015-03-12,-0.9309451604246346
2015-03-13,-0.29874930197648447
2015-03-16,-0.0711930952339011
2015-03-17,-0.9226684254672903
2015-03-18,-0.041932418747245764
2015-03-19,-0.4804787932588783
2015-03-20,-0.6048366304651565
2015-03-23,-0.6853055792507842
2015-03-24,-0.7228451145285518
2015-03-25,-0.24427553857872755
2015-03-26,-0.29376471780311053
2015-03-27,-0.20218276664263604
2015-03-30,-0.1608251611800035
2015-03-31,-0.20946605760619588
2015-04-01,-0.32066253860786903
2015-04-02,0.04358382450545618
2015-04-03,0.4506823711779949
2015-04-06,-0.1654879696924018
2015-04-07,-0.047357958829600234
2015-04-08,0.3178245367878778
2015-04-09,-0.31797229485996514
2015-04-10,-1.616513587752968
2015-04-13,-0.4144085093863879
2015-04-14,1.678237228692392
2015-04-15,-1.1520433879742387
2015-04-16,-0.0615257485193902
2015-04-17,0.7104001287077043
2015-04-20,0.807876964759863
2015-04-21,0.31288520316465857
2015-04-22,-2.101235919401735
2015-04-23,0.5035045795659799
2015-04-24,-1.2215762380749877
2015-04-27,0.034472939807108006
2015-04-28,1.1383415209488759
2015-04-29,-1.443985682729293
2015-04-30,-1.0585919945633373
2015-05-01,0.3452286117128287
2015-05-04,-0.1149781015671973
2015-05-05,-1.6213213852300368
2015-05-06,0.9231544349551455
2015-05-07,-0.6255746737093594
2015-05-08,2.0723531777079605
2015-05-11,1.6823672940227314
2015-05-12,-1.326734176689375
2015-05-13,-0.5177396575013116
2015-05-14,-0.6088798140959509
2015-05-15,1.5903036999632023
2015-05-18,-0.501841357489443
2015-05-19,-1.6296151741224187
2015-05-20,0.00473172818609143
2015-05-21,0.6570659045491756
2015-05-22,0.11117116829096811
2015-05-25,0.02623039702252669
2015-05-26,-0.7219168734561159
2015-05-27,0.8821808668787474
2015-05-28,0.6811749511869452
2015-05-29,0.30406228582126854
2015-06-01,-0.3974260381977419
2015-06-02,-0.5116596700295725
2015-06-03,-0.6875180175143011
2015-06-04,1.1195377934152042
2015-06-05,0.6466187826996165
2015-06-08,0.19136110849897273
2015-06-09,-0.9688466039744967
2015-06-10,0.9057693379082605
2015-06-11,0.2059767419877511
2015-06-12,-0.7244231226239699
2015-06-15,0.17303603008367974
2015-06-16,-0.014920581600138497
2015-06-17,0.5070689631390993
2015-06-18,-1.1929278556105687
2015-06-19,-0.04421676340091705
2015-06-22,0.687914339074145
2015-06-23,-0.48663858705665775
2015-06-24,0.5008885362619442
2015-06-25,0.6450782910643259
2015-06-26,0.742733014837955
2015-06-29,-0.22570185545990606
2015-06-30,0.5641631926445703
2015-07-01,1.5324259439604722
2015-07-02,-0.054531141429843014
2015-07-03,0.023186791115208428
2015-07-06,1.2072041200747707
2015-07-07,1.5443963650650299
2015-07-08,0.07606559563732446
2015-07-09,-0.42432884781333874
2015-07-10,0.9996164563241496
2015-07-13,-0.12012985514560458
2015-07-14,0.10667695178592757
2015-07-15,0.03423434873244554
2015-07-16,-0.02929742855770813
2015-07-17,-0.38040189243865735
2015-07-20,0.5908380650742595
2015-07-21,-0.004757655854003941
2015-07-22,-0.4958948000617243
2015-07-23,-0.3147552630358446
2015-07-24,-0.7956307988955804
2015-07-27,0.6963957201732781
2015-07-28,-0.9168631408496813
2015-07-29,-0.19983874002362592
2015-07-30,-0.02115786023563964
2015-07-31,0.3700075449545418
2015-08-03,0.829835415806846
2015-08-04,-0.35699165147812584
2015-08-05,1.1797962012707068
2015-08-06,-0.7370138561451345
2015-08-07,-0.1195923075970683
2015-08-10,-0.10843567327309506
2015-08-11,0.4850158136138116
2015-08-12,0.28156826080683317
2015-08-13,1.024617929921478
2015-08-14,-0.3560314041817945
2015-08-17,0.7343854947329032
2015-08-18,-1.0046277147315685
2015-08-19,-0.10225030265780875
2015-08-20,-0.3427791820554191
2015-08-21,1.0625413105295765
2015-08-24,-0.2898177731364619
2015-08-25,-0.870029802560605
2015-08-26,-0.11885901636993905
2015-08-27,0.21994201136445682
2015-08-28,0.766541997844738
2015-08-31,0.4537243291095513
2015-09-01,0.15276981217826321
2015-09-02,-0.1438670724918473
2015-09-03,-0.9480026745472633
2015-09-04,0.610574164529553
2015-09-07,-0.9070237052425975
2015-09-08,0.08178842422280588
2015-09-09,0.8845404073130613
2015-09-10,-0.46925675030186903
2015-09-11,1.2058246649719193
2015-09-14,-0.6040759679511841
2015-09-15,0.18762486443932644
2015-09-16,0.11334867446032815
2015-09-17,-0.6284120324276775
2015-09-18,0.4426667553193145
2015-09-21,-0.22115465762586073
2015-09-22,0.6721535065323251
2015-09-23,-0.31844505863026773
2015-09-24,-0.976306770320837
2015-09-25,0.8721864381648292
2015-09-28,0.8687560266671096
2015-09-29,-0.059700891135046626
2015-09-30,-0.2434514001846413
2015-10-01,0.6059590010614277
2015-10-02,-0.604016303440974
2015-10-05,-1.616318843976127
2015-10-06,-0.157547951069929
2015-10-07,0.2597877195002226
2015-10-08,0.07818970254004076
2015-10-09,-0.12106440927385792
2015-10-12,0.607540123130216
2015-10-13,-0.36344343086236197
2015-10-14,-0.42906968992283656
2015-10-15,-0.5816812467396261
2015-10-16,1.0369061925311687
2015-10-19,0.4953274068751309
2015-10-20,0.10516747653523828
2015-10-21,0.35249926784049235
2015-10-22,-0.11134244536715152
2015-10-23,-0.5775265349277359
2015-10-26,-0.47450661823247237
2015-10-27,-0.2820563732084899
2015-10-28,0.3861577826855164
2015-10-29,0.370609264398789
2015-10-30,-0.31386861464115706
2015-11-02,-0.382459185155671
2015-11-03,-0.409343547738469
2015-11-04,0.17756057660314495
2015-11-05,0.3592742516165555
2015-11-06,0.47357505736565203
2015-11-09,0.260653157190216
2015-11-10,0.5720006813034868
2015-11-11,0.2059986237864513
2015-11-12,0.1650954683483128
2015-11-13,0.11635202917161537
2015-11-16,0.23586077431855718
2015-11-17,-0.008032901528850245
2015-11-18,-0.41065522864700915
2015-11-19,0.4432566362205325
2015-11-20,0.06525334050378259
2015-11-23,0.16320953886161102
2015-11-24,-0.0956020272447769
2015-11-25,-0.24126350553995346
2015-11-26,0.17233640611230255
2015-11-27,0.06720698487157784
2015-11-30,0.7409257248774556
2015-12-01,0.3356679783586464
2015-12-02,0.5454299649046053
2015-12-03,0.2456404122479899
2015-12-04,0.3778966217762912
2015-12-07,0.2082593711129606
2015-12-08,-0.3471138158107509
2015-12-09,1.8717411108491186
2015-12-10,-0.6739851682521814
2015-12-11,0.4282313439918139
2015-12-14,-0.922676328736377
2015-12-15,-0.6976823437315124
2015-12-16,-0.024091069332015744
2015-12-17,-0.014911811869274904
2015-12-18,-0.9069163329792301
2015-12-21,-0.16150908045453966
2015-12-22,0.3177797122562724
2015-12-23,-0.09575314107368219
2015-12-24,-1.593929871690693
2015-12-25,0.0834329796599325
2015-12-28,1.6667541818172182
2015-12-29,-0.13205021207788595
2015-12-30,0.8443701830806764
2015-12-31,-0.3935390928276206
2016-01-01,-0.534822814354268
2016-01-04,1.0510122683487617
2016-01-05,-0.46767716704258283
2016-01-06,0.5462981109862824
2016-01-07,0.4912884599625338
2016-01-08,0.5394428471937016
2016-01-11,0.3662734090942087
2016-01-12,-0.3122899280946562
2016-01-13,-0.1061199948020695
2016-01-14,-0.5225448561157185
2016-01-15,0.3891382507183852
2016-01-18,-0.24615315707486335
2016-01-19,0.3029164527836107
2016-01-20,-0.5517282532377015
2016-01-21,-0.5769452466043477
2016-01-22,0.3037534512937671
2016-01-25,0.5128220200792146
2016-01-26,-0.025926252273101014
2016-01-27,-0.8815638971606966
2016-01-28,0.261656778214078
2016-01-29,0.3986972834465638
2016-02-01,0.16533914859710444
2016-02-02,-0.4450780769778594
2016-02-03,1.418126847531638
2016-02-04,1.5239458709860612
2016-02-05,0.7324802531455576
2016-02-08,-0.5986574945161656
2016-02-09,-0.7452502478169739
2016-02-10,0.03683736920913327
2016-02-11,-0.6440906393197628
2016-02-12,-0.3975534394842122
2016-02-15,0.06424160331226596
2016-02-16,0.7077666817882615
2016-02-17,-0.6869337456179345
2016-02-18,0.509361732136389
2016-02-19,-0.38751775381588804
2016-02-22,0.08347195264155739
2016-02-23,0.20079437969425037
2016-02-24,-0.21146314704669114
2016-02-25,0.07970218854584132
2016-02-26,-0.31111306244672565
2016-02-29,-0.49747009511782553
2016-03-01,-0.38348088251223456
2016-03-02,-0.8501853340109686
2016-03-03,0.3880458697810323
2016-03-04,-0.38719324183057674
2016-03-07,0.17688276959837654
2016-03-08,0.43955615699461437
2016-03-09,0.5942719923164027
2016-03-10,-0.2650872369675624
2016-03-11,-0.5507044698777731
2016-03-14,-0.1614539321588611
2016-03-15,0.1860216633441968
2016-03-16,-0.030056398445761478
2016-03-17,0.044044104757098176
2016-03-18,0.6195154736465044
2016-03-21,-0.6308683621878276
2016-03-22,0.6202673395698369
2016-03-23,-0.001289034121243014
2016-03-24,0.3428085364691543
2016-03-25,-0.2608362634490074
2016-03-28,0.42766921173986205
2016-03-29,-0.7245805024350317
2016-03-30,-0.12889475902979522
2016-03-31,0.4518396015545761
2016-04-01,-0.10345883421631817
2016-04-04,-0.7815954650118324
2016-04-05,0.016531173651593296
2016-04-06,0.09276169555723869
2016-04-07,0.6685461292754731
2016-04-08,-0.17460097923264037
2016-04-11,0.2685153859429866
2016-04-12,-0.26752446415874004
2016-04-13,0.4395251296625406
2016-04-14,-0.3954318350756208
2016-04-15,-0.8231473951316634
2016-04-18,0.4017987116988125
2016-04-19,-0.6401215802356048
2016-04-20,-0.27339001066317176
2016-04-21,-0.17235677832436824
2016-04-22,0.7570718403402313
2016-04-25,0.33974625552441673
2016-04-26,0.8989518931919401
2016-04-27,-0.2639301995853692
2016-04-28,0.011320309273603201
2016-04-29,-0.12273239599809484
2016-05-02,1.5478631548638344
2016-05-03,-0.32271255201356763
2016-05-04,0.5265964448654393
2016-05-05,0.03666119711892526
2016-05-06,0.44038230307436094
2016-05-09,1.0243698414760423
2016-05-10,-1.2270937873533607
2016-05-11,-0.014746378823832389
2016-05-12,-0.8097417134569997
2016-05-13,0.05837942165107462
2016-05-16,-0.5093642133614771
2016-05-17,-0.5966233946066509
2016-05-18,0.1237009945382917
2016-05-19,-0.11186014279122765
2016-05-20,0.7006165562479136
2016-05-23,0.7046164372298835
2016-05-24,0.38687290140323655
2016-05-25,0.16729752425426903
2016-05-26,-0.47250277131536755
2016-05-27,0.2485975007462232
2016-05-30,0.43584982859785637
2016-05-31,-0.3501826677895582
2016-06-01,0.6396040923626581
2016-06-02,-0.24975910939704687
2016-06-03,0.4317970115055732
2016-06-06,-0.01820173420084331
2016-06-07,0.3325054776722962
2016-06-08,-0.015952474127270598
2016-06-09,-0.6887474970521033
2016-06-10,-0.27782077685974443
2016-06-13,0.4184922992198473
2016-06-14,0.3992567909849533
2016-06-15,-0.7068031687866481
2016-06-16,0.5951815601736246
2016-06-17,0.13547610412786287
2016-06-20,-0.29045734199000434
2016-06-21,-0.47993421082085586
2016-06-22,0.16379114051604562
2016-06-23,0.4246216894396203
2016-06-24,-1.0088662092506988
2016-06-27,-0.07583147533002596
2016-06-28,0.39671951299862074
2016-06-29,0.1325565298981915
2016-06-30,0.16695705577055564
2016-07-01,-0.1331535447289264
2016-07-04,0.0237157897760705
2016-07-05,0.1417814847593273
2016-07-06,-0.6775630561749427
2016-07-07,-0.3340664456370284
2016-07-08,-0.052412756660178736
2016-07-11,0.6831348195916231
2016-07-12,0.029327073513147135
2016-07-13,-0.8818878363565394
2016-07-14,0.5081887297335048
2016-07-15,0.5250417670290617
2016-07-18,0.23417732166622474
2016-07-19,-0.05345296931097257
2016-07-20,0.44257498231319364
2016-07-21,-0.3639714513657934
2016-07-22,0.42773547634608305
2016-07-25,1.2256805396322887
2016-07-26,-0.3477467575169651
2016-07-27,-0.29857917854635724
2016-07-28,0.003103843198399265
2016-07-29,0.6640643672664284
2016-08-01,-0.7028551639537647
2016-08-02,0.385891769208963
2016-08-03,-0.13169229777036426
2016-08-04,-0.03927767417696119
2016-08-05,-0.3110058602667622
2016-08-08,-0.6345787162136326
2016-08-09,0.040114560270024364
2016-08-10,0.20425498452794746
2016-08-11,-0.5712620875576602
2016-08-12,0.15140411448482122
2016-08-15,0.11891427574408997
2016-08-16,1.0213212374207261
2016-08-17,0.31019137493660304
2016-08-18,0.7065938868500173
2016-08-19,-0.8772923021244559
2016-08-22,0.3577616117006245
2016-08-23,0.28152409702983944
2016-08-24,0.1282864186711872
2016-08-25,-0.013158511671783144
2016-08-26,-0.7116582717354545
2016-08-29,0.575661245496681
2016-08-30,-1.9753146529994994
2016-08-31,0.14676872142924188
2016-09-01,0.04648504537271973
2016-09-02,3.022142307444082
2016-09-05,0.43315253725651043
2016-09-06,0.30368070671502756
2016-09-07,-1.0750500975891788
2016-09-08,0.10288156805108933
2016-09-09,0.6521089195513219
2016-09-12,-1.097309387971221
2016-09-13,-0.600228573961677
2016-09-14,0.07691344252142374
2016-09-15,0.5080896668233522
2016-09-16,-0.16747105033106863
2016-09-19,-0.1898185485454577
2016-09-20,-1.5964750130278753
2016-09-21,-0.651307769446123
2016-09-22,-1.2072625782286865
2016-09-23,-0.5858677754074526
2016-09-26,-0.0844230544009882
2016-09-27,-0.06074163061186489
2016-09-28,0.8573599697972187
2016-09-29,-1.58172200318208
2016-09-30,1.758037589699864
2016-10-03,-1.0095153198591327
2016-10-04,2.1631991915950795
2016-10-05,-1.5862834423172263
2016-10-06,-0.0856156154922577
2016-10-07,0.2659923010331979
2016-10-10,0.38963427586001753
2016-10-11,0.5876798828692528
2016-10-12,1.225318863790352
2016-10-13,0.5576883439931214
2016-10-14,0.04302802992272058
2016-10-17,-0.583184525858104
2016-10-18,0.05875892626548921
2016-10-19,-0.3419501220674897
2016-10-20,-0.57526919302047
2016-10-21,0.3772430055729859
2016-10-24,0.6573484366452704
2016-10-25,-0.9971567980713746
2016-10-26,-0.5083945760021764
2016-10-27,0.37568439872368775
2016-10-28,-0.5011609849613463
2016-10-31,-0.3271771792228868
2016-11-01,0.7814515757865844
2016-11-02,-0.24441647267794567
2016-11-03,-1.188402816071429
2016-11-04,1.0048996348836976
2016-11-07,-0.4106549203177213
2016-11-08,0.6515550051194092
2016-11-09,1.191628213408223
2016-11-10,1.0884183384925505
2016-11-11,0.3688235625230862
2016-11-14,0.5418049086115982
2016-11-15,-0.6246835201706007
2016-11-16,-0.09888072925199014
2016-11-17,0.14626092695244874
2016-11-18,0.4652167504129469
2016-11-21,-0.6197811467525632
2016-11-22,0.4770200156400762
2016-11-23,0.19909062388285353
2016-11-24,1.285883156345578
2016-11-25,-1.5076302771556216
2016-11-28,2.052198023154923
2016-11-29,-1.3764253105121937
2016-11-30,1.0652307228879023
2016-12-01,-0.21281184596144676
2016-12-02,-0.870442707137202
2016-12-05,0.930384092250275
2016-12-06,-0.6939489008512131
2016-12-07,-0.22518410167874917
2016-12-08,0.21621819696863717
2016-12-09,-0.0468011562242784
2016-12-12,0.38307151848882093
2016-12-13,-1.6391246436226536
2016-12-14,0.47476486678974694
2016-12-15,0.3070169334134119
2016-12-16,-0.38519586692928154
2016-12-19,-0.6598705209570199
2016-12-20,-0.142569239791422
2016-12-21,-0.7549205448562566
2016-12-22,-0.44588251216509484
2016-12-23,-0.28407645775529095
2016-12-26,0.09328877695988011
2016-12-27,0.9003852709392234
2016-12-28,-0.4164650480326646
2016-12-29,-0.7349052576641284
2016-12-30,-0.7810552152102089
2017-01-02,-0.28728481499728326
2017-01-03,-0.15314303575905633
2017-01-04,-0.08827537021994653
2017-01-05,1.3756027191136815
2017-01-06,-0.33707123348309864
2017-01-09,-0.08153620892430487
2017-01-10,-0.18499261055171462
2017-01-11,-0.2820833230377075
2017-01-12,1.6001772220095227
2017-01-13,-0.7765831725526215
2017-01-16,0.44411022467936917
2017-01-17,2.3583651611565677
2017-01-18,-0.023740354870454575
2017-01-19,-1.1742475364247806
2017-01-20,-0.7516901797611683
2017-01-23,1.0490465422016364
2017-01-24,-0.4540905827978442
2017-01-25,0.017998425279077114
2017-01-26,-1.7169680244476897
2017-01-27,-1.9792133730261008
2017-01-30,1.3534934968964907
2017-01-31,1.326631738436831
2017-02-01,-0.49539363571783573
2017-02-02,-0.592638071382473
2017-02-03,-0.21099709116961454
2017-02-06,0.841189002894119
2017-02-07,0.7443548301450795
2017-02-08,0.09291268836439133
2017-02-09,-1.363092082706954
2017-02-10,-0.07859429516385567
2017-02-13,0.44687708457347575
2017-02-14,-0.07110831844147673
2017-02-15,-0.2684460694352166
2017-02-16,-0.08537901262372365
2017-02-17,0.1489996369909582
2017-02-20,-1.1917471799657011
2017-02-21,0.7053739375520832
2017-02-22,-0.6180541200025246
2017-02-23,0.2833266093527231
2017-02-24,1.378522653315769
2017-02-27,-0.048354350913906836
2017-02-28,0.47700743509882676
2017-03-01,0.268490943961769
2017-03-02,1.3175710138859178
2017-03-03,0.7367375148518565
2017-03-06,0.3417720654397771
2017-03-07,0.9408614890632545
2017-03-08,0.05349436543343496
2017-03-09,1.0327415505117203
2017-03-10,1.2682739134452574
2017-03-13,0.4152554834596338
2017-03-14,0.10724695776601444
2017-03-15,0.08881936606066235
2017-03-16,-1.2130362629400129
2017-03-17,0.47733711481636226
2017-03-20,0.8975082531262732
2017-03-21,0.5942361467338025
2017-03-22,0.1363033651080808
2017-03-23,0.33719765196704504
2017-03-24,-2.2681360542421642
2017-03-27,0.44640499650234694
2017-03-28,0.6999974081393515
2017-03-29,-0.029869369641792494
2017-03-30,0.257416507972487
2017-03-31,0.1430364171770759
2017-04-03,-1.7290118058066815
2017-04-04,0.34166214389496175
2017-04-05,1.4752026838215837
2017-04-06,-0.42680145445003914
2017-04-07,-0.3845483415142667
2017-04-10,-0.41968706399202205
2017-04-11,-0.09979180603969669
2017-04-12,-0.38223549629558873
2017-04-13,-5.340023841664881
2017-04-14,-1.874908638844792
2017-04-17,1.9597581322541517
2017-04-18,1.512953726492581
2017-04-19,0.6982359790192558
2017-04-20,0.9028611469176387
2017-04-21,2.0674864984291537
2017-04-24,-0.3845724539709489
2017-04-25,1.9903283622870702
2017-04-26,-1.22211029674799
2017-04-27,2.2348046935873165
2017-04-28,1.2581090940293178
2017-05-01,-1.1680472353839957
2017-05-02,-1.2098234785793085
2017-05-03,-0.7341442078995204
2017-05-04,2.6227428454270116
2017-05-05,-1.1301161131667146
2017-05-08,0.9897351602359675
2017-05-09,-0.012548224022103026
2017-05-10,0.6619822563001052
2017-05-11,-0.20894270224167721
2017-05-12,1.3368984515443092
2017-05-15,0.3599423568678783
2017-05-16,-0.6268034934610812
2017-05-17,-2.8398219242866523
2017-05-18,0.8287472801305522
2017-05-19,-0.8438077813958199
2017-05-22,0.6575266289167233
2017-05-23,0.9568544145226913
2017-05-24,-0.5787876633071153
2017-05-25,0.711149536463502
2017-05-26,-0.34940045482846277
2017-05-29,0.3242714661622828
2017-05-30,0.3483846140289433
2017-05-31,1.991430950384347
2017-06-01,-0.17991641502244168
2017-06-02,-0.4231819919678044
2017-06-05,-0.22859299049918713
2017-06-06,0.13961782331867437
2017-06-07,-0.10839909145940026
2017-06-08,-2.0601514953393725
2017-06-09,0.77144048335813
2017-06-12,-0.46382116502445436
2017-06-13,-1.137635846540208
2017-06-14,0.2632389001968975
2017-06-15,0.4999473722137524
2017-06-16,0.2567965956767379
2017-06-19,0.8499213549509761
2017-06-20,-0.045944493865833436
2017-06-21,-0.1981109498602312
2017-06-22,-0.3903884995325871
2017-06-23,-0.9268593922186631
2017-06-26,0.41926052176338424
2017-06-27,-0.019419602380108664
2017-06-28,-0.014400534876630691
2017-06-29,1.1116044489425245
2017-06-30,0.20661829386778852
2017-07-03,0.02074868020934584
2017-07-04,-0.14628973642419918
2017-07-05,-1.318332496821765
2017-07-06,0.16688678268358134
2017-07-07,-1.721100807422277
2017-07-10,1.482946361677449
2017-07-11,-1.301824443462382
2017-07-12,-0.8716032223642417
2017-07-13,0.031346478601775314
2017-07-14,0.2620579902341882
2017-07-17,1.615087169429284
2017-07-18,-0.4063959342445294
2017-07-19,0.6600067579083339
2017-07-20,1.9789489294267109
2017-07-21,0.9352045252675943
2017-07-24,-1.0838263635013659
2017-07-25,3.0977675328982466
2017-07-26,1.2239208094104725
2017-07-27,0.1500460220032514
2017-07-28,-1.0018166171173513
2017-07-31,-0.08098350665153795
2017-08-01,0.5071336119187094
2017-08-02,-0.2736936033924026
2017-08-03,1.198867009276964
2017-08-04,-0.1941042264786802
2017-08-07,0.1970713172529923
2017-08-08,-0.557700104182319
2017-08-09,-0.13806641149918775
2017-08-10,0.012747389771526079
2017-08-11,-0.07260886846797113
2017-08-14,-1.1579088428209063
2017-08-15,-0.34385682840780635
2017-08-16,0.9298419313317947
2017-08-17,-0.4503738266838192
2017-08-18,-0.6644609927707519
2017-08-21,0.0992929799534915
2017-08-22,1.7883531582750243
2017-08-23,0.3913403133963764
2017-08-24,-1.0509503993937555
2017-08-25,-0.2684278418961379
2017-08-28,1.1871207516332316
2017-08-29,0.2991337176168324
2017-08-30,-0.949996009358379
2017-08-31,-0.9237806246859449
2017-09-01,0.10066473178834637
2017-09-04,3.1010728683651183
2017-09-05,1.481602306406269
2017-09-06,-1.1424741057569756
2017-09-07,0.802612450875198
2017-09-08,-0.4749150325834995
2017-09-11,1.271831150261262
2017-09-12,0.40459736089332676
2017-09-13,-0.3801732747593695
2017-09-14,2.380655136675244
2017-09-15,1.3360736953839152
2017-09-18,-0.1346986122539611
2017-09-19,0.07415232475265325
2017-09-20,-2.201888232421375
2017-09-21,-0.20998699621485967
2017-09-22,-1.2713854813803829
2017-09-25,-0.40685170804209664
2017-09-26,-0.2394057115936818
2017-09-27,0.5944391417920735
2017-09-28,-0.15394273935569058
2017-09-29,-1.290564634461083
2017-10-02,-0.4187758514159944
2017-10-03,-0.595892735069757
2017-10-04,-0.7347729801415387
2017-10-05,-0.7379113847355686
2017-10-06,-0.5487183712528964
2017-10-09,-0.17856857671192658
2017-10-10,1.04799415047952
2017-10-11,1.0527938127212113
2017-10-12,0.5914307043851779
2017-10-13,0.4715270174875703
2017-10-16,-1.082204315675853
2017-10-17,-0.5983418417257974
2017-10-18,-1.1740602920580108
2017-10-19,-1.335155341674052
2017-10-20,-0.43366958521789645
2017-10-23,0.051370978818361925
2017-10-24,-0.5352313998642152
2017-10-25,-0.19163892841775076
2017-10-26,0.6894615891509351
2017-10-27,0.6085717496387552
2017-10-30,-0.07498689290195215
2017-10-31,-0.29241020888936126
2017-11-01,-0.07300021332827765
2017-11-02,0.19257408231463133
2017-11-03,-0.07716004082903716
2017-11-06,-0.337655638333996
2017-11-07,0.21115677228731333
2017-11-08,0.013462828734486594
2017-11-09,0.08354949150652023
2017-11-10,0.8974429063873652
2017-11-13,1.626912669707396
2017-11-14,-0.30167991190584875
2017-11-15,1.2996769214468111
2017-11-16,0.4103288038165272
2017-11-17,-0.14017965592275408
2017-11-20,-0.07509608408179737
2017-11-21,0.341055853683892
2017-11-22,-0.6356034323497869
2017-11-23,-1.2847652125181608
2017-11-24,0.4250043346179994
2017-11-27,0.13111510680117508
2017-11-28,0.41150769279345595
2017-11-29,0.9707338249210129
2017-11-30,0.7282574655851537
2017-12-01,-1.2167040640177615
2017-12-04,-0.10787195385610258
2017-12-05,0.09987923754595096
2017-12-06,-0.7064253657159021
2017-12-07,0.24393545435527017
2017-12-08,1.0145330478421613
2017-12-11,-0.22861116340797896
2017-12-12,-0.2906750247515954
2017-12-13,-0.8059354074214808
2017-12-14,0.25952066285735664
2017-12-15,-0.1688199863576931
2017-12-18,-0.08130014235298232
2017-12-19,0.47672026611442525
2017-12-20,0.8003211257786892
2017-12-21,0.8216334037685757
2017-12-22,-0.9214071966836357
2017-12-25,0.45865604356901146
2017-12-26,0.9799326782468393
2017-12-27,0.35165725242803947
2017-12-28,0.19705051769194845
2017-12-29,-0.05937628787244675
2018-01-01,0.019882620025218543
2018-01-02,-0.07673720560348331
2018-01-03,-0.17503178901213287
2018-01-04,-0.8853152795881206
2018-01-05,-0.7237600653728274
2018-01-08,-1.28355909698805
2018-01-09,2.3524834545114484
2018-01-10,-0.2924577630366293
2018-01-11,-0.09101222224048082
2018-01-12,0.29173808670012824
2018-01-15,-0.4381028508232951
2018-01-16,0.18381640628709775
2018-01-17,-0.8321212527475956
2018-01-18,0.3169792193665069
2018-01-19,0.9770681287040686
2018-01-22,0.5249687689055367
2018-01-23,0.04400594696166036
2018-01-24,-0.20098137325790233
2018-01-25,0.8842953554568761
2018-01-26,0.33057246486546626
2018-01-29,0.3822568876331077
2018-01-30,-0.14595841496858225
2018-01-31,-0.435575566630979
2018-02-01,0.1749103732518879
2018-02-02,-0.014039477811868116
2018-02-05,-0.014516969901980502
2018-02-06,0.7415244601230588
2018-02-07,0.1449572151187909
2018-02-08,-0.15823978839936487
2018-02-09,-0.28290219885933354
2018-02-12,-0.4282963705762814
2018-02-13,0.0008608625949432224
2018-02-14,-0.1346651019620078
2018-02-15,-0.11270466890760789
2018-02-16,1.0872074185249305
2018-02-19,-0.3505897236684642
2018-02-20,-0.16931212776123467
2018-02-21,-0.18530134008524504
2018-02-22,0.7535485310502378
2018-02-23,-0.1491166655896945
2018-02-26,0.6907032092673356
2018-02-27,0.8751821441973111
2018-02-28,0.3529897975681299
2018-03-01,0.5520511277932451
2018-03-02,0.1739462232274078
2018-03-05,0.061779688910377474
2018-03-06,1.033770504797706
2018-03-07,1.5620716348411776
2018-03-08,1.3638269950073474
2018-03-09,-0.0981399879913887
2018-03-12,-0.06172950517219008
2018-03-13,0.5817094058376486
2018-03-14,-0.5135527889190566
2018-03-15,-1.0924105894440035
2018-03-16,-0.21012182811058594
2018-03-19,2.0090764913466757
2018-03-20,0.20635171678176267
2018-03-21,0.5460158486630692
2018-03-22,-0.9458284673261981
2018-03-23,4.802470455046094
2018-03-26,4.964320718046852
2018-03-27,0.7657353769656797
2018-03-28,-1.7411495689794612
2018-03-29,3.753578474624489
2018-03-30,2.406564990955595
2018-04-02,-0.5652125101537478
2018-04-03,-0.1023610855661144
2018-04-04,-0.7536951778128749
2018-04-05,-1.7019097219520407
2018-04-06,0.35361760425928446
2018-04-09,-0.8877962792128401
2018-04-10,-0.4502024052091708
2018-04-11,-2.428098584287897
2018-04-12,0.5770333884263738
2018-04-13,-2.725409094539216
2018-04-16,-2.066114726750837
2018-04-17,-0.43260672537037204
2018-04-18,0.14598291149618092
2018-04-19,1.4585362843891492
2018-04-20,1.3165895889980772
2018-04-23,-2.2409853375399207
2018-04-24,0.9208394306962479
2018-04-25,1.0993515487524483
2018-04-26,-0.8186440378051199
2018-04-27,2.7794204792015877
2018-04-30,-1.3664106829853782
2018-05-01,-2.692329940524718
2018-05-02,-0.7143577733479562
2018-05-03,-1.202891894728538
2018-05-04,5.276609519262939
2018-05-07,3.2337595739492127
2018-05-08,-0.8286636108584092
2018-05-09,-1.1093471672105144
2018-05-10,0.2199897922228762
2018-05-11,-0.020921828109257624
2018-05-14,-2.9125131125779236
2018-05-15,-1.9323716020584727
2018-05-16,-2.3724285642226066
2018-05-17,5.823963513967448
2018-05-18,4.394070842129059
2018-05-21,2.402070707510073
2018-05-22,-1.0062616756723508
2018-05-23,1.2598678082263035
2018-05-24,2.8374903717737396
2018-05-25,-2.09018910369145
2018-05-28,1.1795831882579315
2018-05-29,-0.2783405774624355
2018-05-30,7.108705822832284
2018-05-31,-9.53219088881148
2018-06-01,2.726351968215726
2018-06-04,4.7990822438716085
2018-06-05,-7.764053912412572
2018-06-06,-1.7232171123555096
2018-06-07,-2.035834038954181
2018-06-08,-0.60679899016474
2018-06-11,-0.7800420879087727
2018-06-12,-5.390138490054412
2018-06-13,1.5855922460169605
2018-06-14,2.309723257016643
2018-06-15,-2.218705802083451
2018-06-18,7.655936820311009
2018-06-19,-0.009389466080739362
2018-06-20,2.3615564020468534
2018-06-21,-5.139396548310705
2018-06-22,-1.2049563100443101
2018-06-25,6.546471617179083
2018-06-26,4.309079308797452
2018-06-27,2.481404487483291
2018-06-28,0.5297985792887276
2018-06-29,7.97900628450218
2018-07-02,0.3648768653132011
2018-07-03,-1.01971069292112
2018-07-04,-1.6505337639272988
2018-07-05,-4.8949771525722285
2018-07-06,-2.78465324282249
2018-07-09,4.825041333319867
2018-07-10,-3.2258072553226635
2018-07-11,-0.5397497197820909
2018-07-12,3.582691825971059
2018-07-13,-0.7261499261733082
2018-07-16,2.148295776838865
2018-07-17,-7.297283590890939
2018-07-18,-4.036071866321966
2018-07-19,2.417971399869934
2018-07-20,-2.355546946283857
2018-07-23,2.0215372972696115
2018-07-24,1.0462742000606728
2018-07-25,0.6091871341988438
2018-07-26,-2.66522824485168
2018-07-27,5.744373768814124
2018-07-30,0.9293741302485387
2018-07-31,7.897398803770448
2018-08-01,-2.228080155294087
2018-08-02,2.9255093027108594
2018-08-03,5.771713575370948
2018-08-06,-2.5860020624799613
2018-08-07,-2.2828243337051424
2018-08-08,0.8237394216670126
2018-08-09,-2.875335951102375
2018-08-10,-6.347993108176942
2018-08-13,-3.2105749664992227
2018-08-14,-1.569918012577964
2018-08-15,-0.7071246358976431
2018-08-16,4.1598898660019845
2018-08-17,0.7617178483639708
2018-08-20,-2.0734987924600565
2018-08-21,-1.5093422190045316
2018-08-22,-0.24723462334426474
2018-08-23,1.3669590366735362
2018-08-24,-0.9706825435676487
2018-08-27,-2.3810226190909116
2018-08-28,-3.2959450333706566
2018-08-29,3.215214748375115
2018-08-30,-2.9068747230688454
2018-08-31,1.372532533636097
2018-09-03,1.3001804122590397
2018-09-04,-0.7865350128398927
2018-09-05,0.06028070295572143
2018-09-06,0.19563234846193833
2018-09-07,0.7460100473682422
2018-09-10,0.1341995713993894
2018-09-11,2.189267351976394
2018-09-12,-0.2553014438680582
2018-09-13,0.23375543213637967
2018-09-14,-2.2180535145256965
2018-09-17,0.9784503832539789
2018-09-18,1.9898623259141914
2018-09-19,0.841848600717362
2018-09-20,2.88890448021061
2018-09-21,-0.32894987025240696
2018-09-24,0.6531658054308724
2018-09-25,2.2773083337727176
2018-09-26,2.711490163242698
2018-09-27,1.2478749236338513
2018-09-28,-0.3543010371960211
2018-10-01,0.0062484355319917416
2018-10-02,-1.1913443362424503
2018-10-03,-0.8025631752671197
2018-10-04,0.20828215729512056
2018-10-05,-1.7935031670654056
2018-10-08,-0.6077461475214507
2018-10-09,-0.02442478866477086
2018-10-10,-0.40101275656620117
2018-10-11,1.4116114364248435
2018-10-12,-0.7855806190608609
2018-10-15,-0.9462711455990972
2018-10-16,0.8457704870724829
2018-10-17,0.8409882927431088
2018-10-18,-0.772779431162708
2018-10-19,-0.8897061202610157
2018-10-22,0.2626664333151341
2018-10-23,0.7826027167874888
2018-10-24,0.12296566204246266
2018-10-25,1.3375914707124787
2018-10-26,-1.0749238538021457
2018-10-29,-1.3894764378655065
2018-10-30,0.46222565542780086
2018-10-31,-0.6389343736639381
2018-11-01,1.7294567329061366
2018-11-02,0.45013422808475106
2018-11-05,-1.1611269487755724
2018-11-06,-0.15382283890540782
2018-11-07,0.206018651940275
2018-11-08,-1.415220372313933
2018-11-09,-0.08912184732558616
2018-11-12,0.5807528435860635
2018-11-13,-0.06501642449106179
2018-11-14,0.023659229101332193
2018-11-15,-0.4602300734218374
2018-11-16,-0.5805343759079268
2018-11-19,0.574809187597917
2018-11-20,0.03456153523560813
2018-11-21,-0.22685650731862075
2018-11-22,0.002808834979885031
2018-11-23,-1.177583003277969
2018-11-26,-0.01921543313584534
2018-11-27,0.2563288080174652
2018-11-28,-0.06316493774103986
2018-11-29,-0.7837208026488724
2018-11-30,-0.2401122521598112
2018-12-03,0.3696133325063663
2018-12-04,0.510406803432142
2018-12-05,0.8046534461035626
2018-12-06,0.7373677110383495
2018-12-07,-0.15668086212843835
2018-12-10,0.03488639684833937
2018-12-11,0.8527085640110219
2018-12-12,0.22557464952650175
2018-12-13,-0.31251656480585316
2018-12-14,0.38062073677420244
2018-12-17,-1.4742072637921144
2018-12-18,0.16200391983606627
2018-12-19,2.012440859641636
2018-12-20,0.8012286277096328
2018-12-21,-0.7368650489310034
2018-12-24,0.36466247614736136
2018-12-25,0.48587826747955365
2018-12-26,-0.0009784072815314049
2018-12-27,0.9443504914815715
2018-12-28,-0.007080041363264732
2018-12-31,-0.5958114314548719
2019-01-01,0.449792181562547
2019-01-02,-0.11252289501907523
2019-01-03,-0.5008514727695387
2019-01-04,0.09557078204258485
2019-01-07,0.19611198180430303
2019-01-08,1.602303369864066
2019-01-09,-0.7031985775434767
2019-01-10,-0.06510699036302629
2019-01-11,0.9607253010768546
2019-01-14,-0.02418343293364412
2019-01-15,0.5954604639512564
2019-01-16,-0.43356143236844413
2019-01-17,-0.2706580738187997
2019-01-18,0.8949389988288993
2019-01-21,-0.4825728797277601
2019-01-22,0.6546606393896148
2019-01-23,0.13291077256207479
2019-01-24,-0.2416533680698579
2019-01-25,-0.5570206748344914
2019-01-28,0.5388563750751222
2019-01-29,0.22544074433333475
2019-01-30,0.9456258065307791
2019-01-31,-0.5097528023386871
2019-02-01,0.08036179348204914
2019-02-04,-0.8790584422971702
2019-02-05,0.2721241880687064
2019-02-06,-0.06603912885969956
2019-02-07,0.21530687101638057
2019-02-08,-0.06429844135475783
2019-02-11,0.2344850687363533
2019-02-12,0.0001500026258133827
2019-02-13,-0.48452972796658084
2019-02-14,0.4263992475679722
2019-02-15,-0.34026829643017875
2019-02-18,0.41281762805479905
2019-02-19,0.3118529305334621
2019-02-20,0.06328715044098739
2019-02-21,-0.15901943683903202
2019-02-22,0.11778860014250683
2019-02-25,-0.3516544119602699
2019-02-26,-0.2177791931591171
2019-02-27,-0.17990106739698467
2019-02-28,0.07882115728759398
2019-03-01,0.8374110545091547
2019-03-04,0.09831908011291957
2019-03-05,0.6082989531167974
2019-03-06,0.6107305394757016
2019-03-07,-0.03268610386465448
2019-03-08,-0.19511985020262332
2019-03-11,0.29858969243557276
2019-03-12,0.513708021549935
2019-03-13,-0.355464730831547
2019-03-14,0.11610908115353265
2019-03-15,-0.012181767228347663
2019-03-18,-0.42152132435607576
2019-03-19,-0.08390661364009254
2019-03-20,-0.10344016340460663
2019-03-21,-0.3377588943223076
2019-03-22,0.5000840151792257
2019-03-25,-0.9399610334714962
2019-03-26,0.7842994652101815
2019-03-27,0.25371370205764104
2019-03-28,-0.09436357565449187
2019-03-29,0.3968933227567838
2019-04-01,-0.5523835438543282
2019-04-02,1.0995266874136596
2019-04-03,-0.39459948823903845
2019-04-04,0.44254272022649555
2019-04-05,0.08126160880166831
2019-04-08,0.2938700402358252
2019-04-09,0.5921048176340453
2019-04-10,0.7207981581180596
2019-04-11,0.2609531142498499
2019-04-12,0.07413425427270327
2019-04-15,-0.02479822010548094
2019-04-16,0.29288612634777417
2019-04-17,0.2995712385350885
2019-04-18,-0.5546377494675226
2019-04-19,-0.015836222582775658
2019-04-22,-0.23929583182766448
2019-04-23,-0.05262625443360472
2019-04-24,-1.0623498517872576
2019-04-25,-0.7361928417963937
2019-04-26,0.5443384748848504
2019-04-29,-0.3093075203543245
2019-04-30,0.293805113044809
2019-05-01,-0.19075646218457037
2019-05-02,0.2980509624681821
2019-05-03,-0.6132911524822321
2019-05-06,0.5721612414425488
2019-05-07,1.0862204638962112
2019-05-08,-0.31218877915855836
2019-05-09,1.1888261830732458
2019-05-10,0.6396390998038558
2019-05-13,-0.2185840143887871
2019-05-14,0.39735352056905393
2019-05-15,-0.8615676599895646
2019-05-16,0.006776078601948398
2019-05-17,-0.05756950085990694
2019-05-20,0.07437882225257837
2019-05-21,-0.1764556710475116
2019-05-22,-0.05846878046824123
2019-05-23,0.18932412638952825
2019-05-24,-0.5249348461417022
2019-05-27,-1.0545881000583186
2019-05-28,0.881658353671211
2019-05-29,-0.01874803552442831
2019-05-30,-0.08430044714305539
2019-05-31,1.4682514849952262
2019-06-03,0.6018845860153151
2019-06-04,0.9922977013271655
2019-06-05,-0.29042608179597235
2019-06-06,0.13726052621044157
2019-06-07,0.4790266105462542
2019-06-10,0.18575763575973958
2019-06-11,-0.20488682071104308
2019-06-12,-0.15636170364163404
2019-06-13,0.18309567407735472
2019-06-14,0.593909894428813
2019-06-17,-0.31935092725377356
2019-06-18,-0.46453930999142123
2019-06-19,-1.2974048000352345
2019-06-20,-0.5104580056717365
2019-06-21,-0.8831464831807458
2019-06-24,0.42710119365036114
2019-06-25,1.4748754167998268
2019-06-26,1.4386478099590758
2019-06-27,0.7090860509528435
2019-06-28,1.2625191521363723
2019-07-01,-1.0895337699037373
2019-07-02,1.3933219240808443
2019-07-03,-3.901945252894532
2019-07-04,0.7893225457834963
2019-07-05,-0.28678120068494717
2019-07-08,-0.49293928799257564
2019-07-09,-1.1711788994791734
2019-07-10,1.832522613231108
2019-07-11,1.3134167610265566
2019-07-12,0.711809032060939
2019-07-15,1.1940213724930748
2019-07-16,-0.9332859074873221
2019-07-17,0.5592871484751392
2019-07-18,-0.9533160091840429
2019-07-19,-1.1393508562277719
2019-07-22,0.09743797776724915
2019-07-23,0.0008003264011548447
2019-07-24,-0.5171464900043492
2019-07-25,1.5747887465948096
2019-07-26,0.21862965660001693
2019-07-29,0.8025515901245907
2019-07-30,2.407364023409331
2019-07-31,-0.3586642566250601
2019-08-01,2.129163551619033
2019-08-02,-0.06910175907667754
2019-08-05,1.5959451094658021
2019-08-06,-1.2650728819355577
2019-08-07,-0.6048731630095521
2019-08-08,-0.13024514438897022
2019-08-09,0.14062887966096443
2019-08-12,0.6625863557300621
2019-08-13,0.6521046554352529
2019-08-14,-0.03783086463428661
2019-08-15,-0.08167412523637639
2019-08-16,1.0402175488234908
2019-08-19,0.2907507033728816
2019-08-20,-0.1490699100858868
2019-08-21,0.07046309551463331
2019-08-22,-0.24439977641135038
2019-08-23,-0.7401074432021405
2019-08-26,0.1676344242759503
2019-08-27,0.3536914971131831
2019-08-28,0.5869888313036056
2019-08-29,0.2762050708211713
2019-08-30,-0.24468290435454407
2019-09-02,0.368432374454006
2019-09-03,0.9110382884852553
2019-09-04,0.27784081568463115
2019-09-05,0.17322073717335876
2019-09-06,0.21321254343763585
2019-09-09,1.6082739002522537
2019-09-10,0.218720439194395
2019-09-11,0.7375643482955173
2019-09-12,-0.37440305616500086
2019-09-13,-0.6639717547369871
2019-09-16,-0.0027931818528031116
2019-09-17,0.2975260329959917
2019-09-18,0.5210792658599099
2019-09-19,1.2066961950258612
2019-09-20,-1.0785569960932153
2019-09-23,-0.10069594632735601
2019-09-24,0.7707324576108213
2019-09-25,1.0674629382830287
2019-09-26,0.10161859584660873
2019-09-27,-0.6625290537849343
2019-09-30,0.2995833439935467
2019-10-01,-0.38287656618468396
2019-10-02,-0.8526173682410307
2019-10-03,0.4225293584346179
2019-10-04,-0.12304469840502205
2019-10-07,0.6057321235609522
2019-10-08,2.2113766558137966
2019-10-09,-0.26898901840158035
2019-10-10,-0.9749670458982785
2019-10-11,-0.07684712048516579
2019-10-14,1.737901157940561
2019-10-15,-0.5126274897407748
2019-10-16,-1.3679894596496778
2019-10-17,0.7365602307324052
2019-10-18,1.327544585344665
2019-10-21,1.5369689019831005
2019-10-22,-1.6467089111428224
2019-10-23,0.2861002976442546
2019-10-24,0.23279993580991085
2019-10-25,-1.063208849922609
2019-10-28,-1.3043479414621426
2019-10-29,1.2464348969510954
2019-10-30,-0.8419090843509516
2019-10-31,0.7769063347181321
2019-11-01,1.0018630751719584
2019-11-04,-2.7140106819854037
2019-11-05,-2.3104054150485154
2019-11-06,-1.5879903107933728
2019-11-07,0.5369767414920168
2019-11-08,1.7741115475063323
2019-11-11,-2.2906502779181426
2019-11-12,-0.5939026252841364
2019-11-13,0.6031563306992824
2019-11-14,1.2463773784007868
2019-11-15,-0.43798042941872717
2019-11-18,0.4566980724228021
2019-11-19,-3.5483000520266526
2019-11-20,-0.30660830079337065
2019-11-21,-1.5338591545495082
2019-11-22,3.010979618328004
2019-11-25,-0.4477002553655672
2019-11-26,0.024607342300683246
2019-11-27,-0.2811536997999991
2019-11-28,-0.29562511365256666
2019-11-29,1.3995073918368626
2019-12-02,-4.257898779947249
2019-12-03,-1.0019597211090951
2019-12-04,0.18961909621036216
2019-12-05,-0.20438658231779996
2019-12-06,-0.19244145485642042
2019-12-09,-3.632818982753223
2019-12-10,-2.0828640295703535
2019-12-11,0.20446749287635219
2019-12-12,0.028922425373681566
2019-12-13,1.7502949670118253
2019-12-16,0.7372500728973345
2019-12-17,0.17937519668652005
2019-12-18,0.9316698274733113
2019-12-19,-1.0788797317984027
2019-12-20,0.0991164323636572
2019-12-23,1.425822342696373
2019-12-24,-0.8699599086840646
2019-12-25,-0.563671488303037
2019-12-26,-0.13910465140465889
2019-12-27,-1.0990798844821639
2019-12-30,0.39926774623167854
2019-12-31,0.8718689572375231
2020-01-01,0.27295982332942836
2020-01-02,-0.16474610968607234
2020-01-03,-0.2777294394833367
2020-01-06,0.3688423991210755
2020-01-07,-0.5258836497931403
2020-01-08,0.46651316143404825
2020-01-09,-0.12254718114700139
2020-01-10,-0.11987781329381524
2020-01-13,0.006407022677413311
2020-01-14,0.13966258527614797
2020-01-15,0.07834491605962661
2020-01-16,-0.1006088703711068
2020-01-17,-0.1912691045114513
2020-01-20,0.5643798685077126
2020-01-21,-0.053626233304655005
2020-01-22,0.6528984864005856
2020-01-23,-0.13515820434079537
2020-01-24,0.3413220865187551
2020-01-27,-0.39127094608691
2020-01-28,-0.452053712649249
2020-01-29,0.1344426365642757
2020-01-30,-0.06788893895775833
2020-01-31,-0.6088932432777684
2020-02-03,-0.39337448699824146
2020-02-04,0.0742265623880985
2020-02-05,-0.3231501237668872
2020-02-06,-0.05229516174786273
2020-02-07,-0.10848604397346817
2020-02-10,-0.2933004403113714
2020-02-11,-1.0752023023578101
2020-02-12,-0.3077817423149177
2020-02-13,-0.4995031063833091
2020-02-14,0.17703322355752016
2020-02-17,-0.1451300348958866
2020-02-18,0.2539460185296472
2020-02-19,-0.47710466591507744
2020-02-20,-0.12235933712366552
2020-02-21,0.620416574264851
2020-02-24,-0.030125681182998635
2020-02-25,0.20030956230059163
2020-02-26,0.6911321831574665
2020-02-27,0.5467003229393417
2020-02-28,0.9663817188613274
2020-03-02,-0.2658609491757664
2020-03-03,-0.5919946424436489
2020-03-04,0.24249275043912744
2020-03-05,0.13678388363393956
2020-03-06,0.2938209824849089
2020-03-09,-0.4665962965998694
2020-03-10,-0.31529294127189067
2020-03-11,-0.9633023178243034
2020-03-12,-0.9146311227003838
2020-03-13,-0.1126352827923767
2020-03-16,0.36658898049538335
2020-03-17,-0.5647203464448632
2020-03-18,0.15924965337056265
2020-03-19,-0.46080108398252595
2020-03-20,-0.31867252351240843
2020-03-23,0.18958997900814395
2020-03-24,-0.06575510045720087
2020-03-25,0.09641798647820368
2020-03-26,-0.023017281939870366
2020-03-27,2.076748644087897
2020-03-30,-0.4688545648927433
2020-03-31,-0.3347858369163154
2020-04-01,0.027587878767398783
2020-04-02,0.19909600401214672
2020-04-03,-0.31379917158391885
2020-04-06,-0.24873965454703353
2020-04-07,1.5299779830851186
2020-04-08,0.40437777711201134
2020-04-09,0.28526953965260965
2020-04-10,0.35082076207915647
2020-04-13,0.1910987521190775
2020-04-14,-0.5384398690602304
2020-04-15,0.3101103273987902
2020-04-16,-0.518137548772318
2020-04-17,-0.04388366783983313
2020-04-20,-0.27575106468249877
2020-04-21,-0.323333837411115
2020-04-22,0.38068546264246444
2020-04-23,0.24007319426168452
2020-04-24,0.13347784929746181
2020-04-27,-0.23519594576135983
2020-04-28,0.31636003949691865
2020-04-29,0.1298666298597618
2020-04-30,0.45435739632544525
2020-05-01,-0.5187556777529392
2020-05-04,1.0822300535538665
2020-05-05,-1.3699501415030584
2020-05-06,-0.32648340681717614
2020-05-07,-0.5229044136399394
2020-05-08,-0.23013130967813172
2020-05-11,0.08797653610157835
2020-05-12,-0.45543468779316526
2020-05-13,-0.6283223394285337
2020-05-14,-0.28309555969570094
2020-05-15,0.3681625157380576
2020-05-18,-0.8015887912165123
2020-05-19,-0.06720548182047488
2020-05-20,0.646801456692555
2020-05-21,0.8393663490113029
2020-05-22,-0.12307481822461054
2020-05-25,0.7460164934871745
2020-05-26,-0.3512879891724233
2020-05-27,-0.2508007569668735
2020-05-28,-0.09955012542306436
2020-05-29,-0.5481499084572063
2020-06-01,0.002880288648583649
2020-06-02,0.8466527610905938
2020-06-03,-0.30835998286964716
2020-06-04,-0.019657107965010075
2020-06-05,-1.114678709909165
2020-06-08,-0.7108232107281884
2020-06-09,0.5884050531176849
2020-06-10,-0.059282186278989915
2020-06-11,-0.29558658483598155
2020-06-12,-0.4135952892017025
2020-06-15,1.1124140756895378
2020-06-16,0.043580831494854304
2020-06-17,-0.6653818205611766
2020-06-18,-0.25447569654597046
2020-06-19,-1.0594531748620848
2020-06-22,0.4219088415309559
2020-06-23,0.6134871647415883
2020-06-24,1.8696731169415532
2020-06-25,1.071121724944947
2020-06-26,0.06411877003429972
2020-06-29,-0.4697525385471452
2020-06-30,1.5362349240378212
2020-07-01,-0.24265969464805912
2020-07-02,-0.4868513760284229
2020-07-03,-0.8652165331353426
2020-07-06,-0.06470799889017301
2020-07-07,0.6393431952578349
2020-07-08,2.4898963160841934
2020-07-09,0.1582343011228876
2020-07-10,0.2829207066726021
2020-07-13,-1.066771394326609
2020-07-14,-0.31528526310239324
2020-07-15,-0.0519244749967864
2020-07-16,0.675119449978054
2020-07-17,-0.13519402918547452
2020-07-20,-0.1778903968852158
2020-07-21,1.5367499365393023
2020-07-22,0.12106555938743262
2020-07-23,0.09745144608344404
2020-07-24,0.32592495708784575
2020-07-27,1.108291758586209
2020-07-28,-0.3539658394628269
2020-07-29,-1.000351117646787
2020-07-30,0.24035878573703462
2020-07-31,-0.3381453391825623
2020-08-03,-0.7135589500194096
2020-08-04,-0.7261516564862622
2020-08-05,1.634194274592199
2020-08-06,-0.7456747499350406
2020-08-07,1.6855464853170468
2020-08-10,0.6061973234693011
2020-08-11,-0.3175683120062613
2020-08-12,-1.422069504037187
2020-08-13,-0.5238843312942054
2020-08-14,-1.9724454601587846
2020-08-17,1.1447234464170208
2020-08-18,1.4290866122985444
2020-08-19,-1.843141183943015
2020-08-20,-0.5289880279303456
2020-08-21,-1.0730728096356792
2020-08-24,-0.5932244240325918
2020-08-25,0.6376559806158165
2020-08-26,-0.32120957566309305
2020-08-27,-0.5410507947665268
2020-08-28,-0.19822843389737024
2020-08-31,0.18913653737436684
2020-09-01,0.728722845850436
2020-09-02,0.904353954304579
2020-09-03,0.4448732221867739
2020-09-04,0.5156086775284476
2020-09-07,-0.202826437465333
2020-09-08,-0.5308804003710399
2020-09-09,0.08390890918328714
2020-09-10,0.8024525537612908
2020-09-11,-0.5897853816623289
2020-09-14,-0.09344876521645458
2020-09-15,-1.03131529141941
2020-09-16,-0.1248489000952689
2020-09-17,-1.5520549876053595
2020-09-18,0.3290837037121735
2020-09-21,0.17259181356692163
2020-09-22,-0.08312573154370265
2020-09-23,0.4003275420496875
2020-09-24,-0.7384763131518824
2020-09-25,-0.18472176169354823
2020-09-28,-0.929921473524137
2020-09-29,0.8998003177641877
2020-09-30,0.07718539480982956
2020-10-01,0.9980103587248583
2020-10-02,-0.9976898486428148
2020-10-05,0.7497599131556187
2020-10-06,0.5403027790849309
2020-10-07,0.3811777451327073
2020-10-08,0.670373254601066
2020-10-09,-0.49923770042457355
2020-10-12,-0.4209399587375179
2020-10-13,-1.401040001969758
2020-10-14,0.8669180689808179
2020-10-15,0.08119176654500476
2020-10-16,-1.208092848018982
2020-10-19,-0.5058306237619394
2020-10-20,0.16849115794136943
2020-10-21,0.23362134171745907
2020-10-22,-0.7043851062085197
2020-10-23,1.1849347252369675
2020-10-26,-0.028045567308790598
2020-10-27,-0.47107493561536584
2020-10-28,1.3115437967315546
2020-10-29,0.3188864166075273
2020-10-30,-0.29024932929842334
2020-11-02,0.4491486948941805
2020-11-03,-0.07197579113752255
2020-11-04,-0.4675834862500446
2020-11-05,1.4332385506860121
2020-11-06,0.15710727753504736
2020-11-09,-0.8298461329133757
2020-11-10,-0.6533719501666959
2020-11-11,0.1126060762039582
2020-11-12,-0.942470719560234
2020-11-13,-0.9343363358688458
2020-11-16,-0.36367411058728
2020-11-17,0.28564333445391216
2020-11-18,-0.00531008270369828
2020-11-19,-0.1893887420266516
2020-11-20,0.9862542864865189
2020-11-23,-0.3988994831734525
2020-11-24,0.7124294437767666
2020-11-25,-0.44221423197244025
2020-11-26,0.04035050294519293
2020-11-27,-0.29116816941640683
2020-11-30,-0.21188777575657794
2020-12-01,-0.33374240193433413
2020-12-02,-0.16147896015809277
2020-12-03,0.21703337393154284
2020-12-04,-0.3428775870522851
2020-12-07,0.19836519053771026
2020-12-08,-0.3990548932009833
2020-12-09,0.746131743946062
2020-12-10,-0.15364345424881026
2020-12-11,-0.6009685565956876
2020-12-14,-0.4999958040209279
2020-12-15,-0.5736022092354943
2020-12-16,-0.00763129155520786
2020-12-17,-0.5345255826607122
2020-12-18,0.30751470082410526
2020-12-21,-0.9809668070489629
2020-12-22,-0.41343139663754586
2020-12-23,0.2618677536306939
2020-12-24,-0.2816427988044246
2020-12-25,1.7736438035015214
2020-12-28,-0.8706328626650623
2020-12-29,0.33620764370118905
2020-12-30,0.5537887393874833
2020-12-31,0.4318974829157056
2021-01-01,-0.2509847479685119
2021-01-04,0.37972000839071485
2021-01-05,-0.3894494017940057
2021-01-06,-0.273691266547185
2021-01-07,0.16803887675227275
2021-01-08,0.5809476710090171
2021-01-11,-0.5426006801168033
2021-01-12,0.28000000236920536
2021-01-13,0.05943129649186544
2021-01-14,-0.31864182785540895
2021-01-15,0.17806540387367562
2021-01-18,0.06756111255017709
2021-01-19,-0.9177418918119874
2021-01-20,-0.5731824686263743
2021-01-21,0.2933443631793296
2021-01-22,0.007264814174318213
2021-01-25,-0.13174184697024172
2021-01-26,0.45647207100454007
2021-01-27,0.4582449742849329
2021-01-28,-0.8831149460693494
2021-01-29,-0.49569250667129633
2021-02-01,-0.010213307634338017
2021-02-02,0.4590251228001991
2021-02-03,0.6362970780144062
2021-02-04,0.153310995199039
2021-02-05,-0.029511955135588047
2021-02-08,-0.5787911173031884
2021-02-09,-0.5660714579260094
2021-02-10,-0.027880835302788468
2021-02-11,-0.6273777212773625
2021-02-12,0.1072651187446608
2021-02-15,-0.0745177557822896
2021-02-16,0.44898282698045433
2021-02-17,0.234287310330128
2021-02-18,0.11942051824258622
2021-02-19,-0.4831159095631486
2021-02-22,0.22892462157421314
2021-02-23,0.34609165836783995
2021-02-24,-0.34646799654758326
2021-02-25,-0.007627921145909878
2021-02-26,0.1104514595497017
2021-03-01,0.14408000399258286
2021-03-02,0.43433232089771856
2021-03-03,-0.20266294175477526
2021-03-04,-0.251208426508277
2021-03-05,0.1859085505598621
2021-03-08,-0.10834014073249933
2021-03-09,-0.2337968406040746
2021-03-10,-0.390347065031811
2021-03-11,-0.3376478176759752
2021-03-12,-0.07567752660512095
2021-03-15,-0.4394801069557167
2021-03-16,0.02764962046230714
2021-03-17,-0.07183808993341372
2021-03-18,-0.5228820679539576
2021-03-19,0.29766884793589116
2021-03-22,0.11857064530446211
2021-03-23,-0.41866470192961425
2021-03-24,0.21308208435823592
2021-03-25,-0.47531202414783197
2021-03-26,-0.755311196204225
2021-03-29,-0.21200464909141617
2021-03-30,0.29187806343487377
2021-03-31,-0.6838888106494172
2021-04-01,0.12349062037746038
2021-04-02,0.0016106849057163782
2021-04-05,-0.2615401176025819
2021-04-06,0.6439757644044429
2021-04-07,0.5931833346063083
2021-04-08,0.01975398935602686
2021-04-09,-0.2355221388897999
2021-04-12,0.1410583015576335
2021-04-13,-0.20254472962754952
2021-04-14,0.1571812119968805
2021-04-15,-0.1619501230006037
2021-04-16,0.16649908876964184
2021-04-19,0.02134735828841839
2021-04-20,-0.2829048688780865
2021-04-21,-0.39408673401893823
2021-04-22,-0.010300536313644242
2021-04-23,0.13461290488840794
2021-04-26,0.07389537666179255
2021-04-27,0.10405045249262734
2021-04-28,0.24258080010622235
2021-04-29,0.3349841338059901
2021-04-30,-0.31601531915616793
2021-05-03,-0.12602789713794824
2021-05-04,0.41383327319924273
2021-05-05,0.2577499289987028
2021-05-06,0.04956302577503466
2021-05-07,-0.040977840999654166
2021-05-10,0.3237521787859852
2021-05-11,-0.5405658142861381
2021-05-12,0.3589776991367228
2021-05-13,-0.24935817658798962
2021-05-14,-1.77109259894035
2021-05-17,-0.9846439937295666
2021-05-18,0.691518713920047
2021-05-19,-0.9371155140615386
2021-05-20,0.31577718471928934
2021-05-21,-1.9305795069453553
2021-05-24,0.15149775860715606
2021-05-25,-0.11307941558097169
2021-05-26,-0.3901204883739318
2021-05-27,-0.3692487196505088
2021-05-28,-0.7059553366836753
2021-05-31,-0.3488273710987931
2021-06-01,0.5648698866477868
2021-06-02,-0.24718452220100282
2021-06-03,0.0836657609307735
2021-06-04,0.12913397540784718
2021-06-07,0.1636937978412503
2021-06-08,0.1667486430024967
2021-06-09,-0.9563525635972964
2021-06-10,0.4802605663034267
2021-06-11,0.6083652119199564
2021-06-14,0.9066237302608326
2021-06-15,-0.21220128217721468
2021-06-16,-0.3920234764197448
2021-06-17,-1.1091309174710313
2021-06-18,0.4994411430738296
2021-06-21,-0.42744690091028503
2021-06-22,0.29024131896202787
2021-06-23,0.8167065116621626
2021-06-24,0.006311960390710384
2021-06-25,-0.44553205426495274
2021-06-28,-0.21572868487079097
2021-06-29,-0.4493098990300129
2021-06-30,-0.10379375966297534
2021-07-01,-0.5232020667153718
2021-07-02,0.1560557333718704
2021-07-05,-0.5164108044622319
2021-07-06,-1.0406314542257846
2021-07-07,0.6903345772641003
2021-07-08,0.05599292100643057
2021-07-09,-0.5044611536318458
2021-07-12,1.1086951795844218
2021-07-13,-1.1363839863268899
2021-07-14,0.4760502548148013
2021-07-15,-0.15356720558007886
2021-07-16,-0.3234941664633462
2021-07-19,0.9599912790438175
2021-07-20,-0.26022252301981763
2021-07-21,-0.7188742987380611
2021-07-22,-0.6290515714814475
2021-07-23,0.347283009751662
2021-07-26,0.32595526136102354
2021-07-27,-0.5554627074291097
2021-07-28,0.4015193142617783
2021-07-29,-0.3704633711060597
2021-07-30,1.4401544922272596
2021-08-02,-0.27472359636471916
2021-08-03,-0.30940134409549286
2021-08-04,-0.8204535853547447
2021-08-05,0.07546078480343697
2021-08-06,-0.1392406337063376
2021-08-09,-0.13491995721427422
2021-08-10,0.5846850106343756
2021-08-11,-0.07143150927820388
2021-08-12,-1.2729215285889914
2021-08-13,0.8956325376890093
2021-08-16,0.3688960764478623
2021-08-17,0.525595767718018
2021-08-18,0.3715043888389542
2021-08-19,-0.6545754714722004
2021-08-20,0.0673821327387674
2021-08-23,-0.5141900648651607
2021-08-24,-0.1880403418151367
2021-08-25,0.14241258036594417
2021-08-26,-0.258204366334698
2021-08-27,0.19040202965443812
2021-08-30,-0.04414116395145004
2021-08-31,0.31769184378341386
2021-09-01,-1.4863458944083145
2021-09-02,0.8250773460210198
2021-09-03,0.04356015678857182
2021-09-06,0.5579293883101193
2021-09-07,-0.5755254023459418
2021-09-08,0.36712724593965057
2021-09-09,0.13807363926095045
2021-09-10,-0.11119925354348431
2021-09-13,0.749098017647323
2021-09-14,-0.5542998570734887
2021-09-15,0.33355336565485444
2021-09-16,0.3511014380157029
2021-09-17,-0.4378921193195088
2021-09-20,0.320101722508126
2021-09-21,0.737740327175607
2021-09-22,-0.2901495070544131
2021-09-23,0.32502504486749245
2021-09-24,0.18980476243921396
2021-09-27,-0.13388667545587496
2021-09-28,-0.17986506097452223
2021-09-29,0.22881456796601593
2021-09-30,-1.0689925890173657
2021-10-01,-0.5216819105513067
2021-10-04,-0.7395470166955228
2021-10-05,-0.7544551287854306
2021-10-06,-0.26569884393458604
2021-10-07,-0.30862826704552815
2021-10-08,0.5674387820228771
2021-10-11,-0.49276360581629336
2021-10-12,0.25416919774681074
2021-10-13,-0.24243538705580653
2021-10-14,-0.2186525414263108
2021-10-15,0.0009472742175473955
2021-10-18,0.4747887442191424
2021-10-19,-1.0895277653856306
2021-10-20,0.5080516761914101
2021-10-21,-0.0194354621496314
2021-10-22,0.40699521667698624
2021-10-25,0.16065610999291238
2021-10-26,-0.0795568746588584
2021-10-27,1.196954930389413
2021-10-28,0.03266832055362847
2021-10-29,-0.2174920043061048
2021-11-01,-0.7074065017313781
2021-11-02,-0.19946629152292192
2021-11-03,-0.22773126322115592
2021-11-04,-0.7769766714959633
2021-11-05,0.6906196176238484
2021-11-08,-0.06665695609011299
2021-11-09,-0.15418242365277338
2021-11-10,-1.7220993983752848
2021-11-11,-0.26182012808496097
2021-11-12,0.8269130490174441
2021-11-15,0.4606901044500737
2021-11-16,-0.004024341842965964
2021-11-17,0.6697138168806234
2021-11-18,-0.24331211944789188
2021-11-19,0.3115360756167892
2021-11-22,-0.3149451918097799
2021-11-23,-0.20710892676867715
2021-11-24,0.5541608336322459
2021-11-25,-0.3463846889111488
2021-11-26,0.747638702139981
2021-11-29,-0.16686139248478482
2021-11-30,-0.772703350794822
2021-12-01,0.5170674471730667
2021-12-02,-0.27709593813538297
2021-12-03,0.06335062492149483
2021-12-06,-0.1328968700175041
2021-12-07,0.4407303691981563
2021-12-08,1.159472495374274
2021-12-09,0.5271144785687337
2021-12-10,0.4453863857444277
2021-12-13,0.25232430486255986
2021-12-14,-0.12828751390482754
2021-12-15,0.004736384338910542
2021-12-16,0.3980435222394861
2021-12-17,-0.12405830526788446
2021-12-20,-0.12391332132562925
2021-12-21,0.11517534278350328
2021-12-22,-0.7269090062877822
2021-12-23,0.0827287230290665
2021-12-24,0.6055523073752371
2021-12-27,0.2793098044244241
2021-12-28,0.6536116758852442
2021-12-29,0.3892176683679398
2021-12-30,0.024968771208178135
2021-12-31,0.165351793874996
2022-01-03,-0.020766469999018593
2022-01-04,0.15382836079233067
2022-01-05,-0.1782063924782689
2022-01-06,-0.773005047520765
2022-01-07,0.4404255035040777
2022-01-10,0.44856120669240174
2022-01-11,0.14869778089782903
2022-01-12,0.6177743669172391
2022-01-13,0.4236260953125858
2022-01-14,0.08081914334889738
2022-01-17,-0.044864427547629024
2022-01-18,0.056366807916841365
2022-01-19,-0.09498475802169319
2022-01-20,-0.49308369307309924
2022-01-21,-0.40127094490634485
2022-01-24,0.41297864635323017
2022-01-25,-0.5638376192209426
2022-01-26,-0.16381150609295728
2022-01-27,0.28420704693460125
2022-01-28,0.6195789240869951
2022-01-31,0.1608658542267957
2022-02-01,0.3268237567454566
2022-02-02,0.17585775218601388
2022-02-03,-0.36678185805501734
2022-02-04,0.18868122223898548
2022-02-07,-0.1459171881155132
2022-02-08,-0.2058579808801915
2022-02-09,-0.34648780340940155
2022-02-10,0.6717489244972927
2022-02-11,-0.3325153734369133
2022-02-14,0.078270717771791
2022-02-15,-0.7741222613774664
2022-02-16,-0.28705201493605487
2022-02-17,0.5281456065007383
2022-02-18,1.0656103352103858
2022-02-21,-0.13380851496915777
2022-02-22,0.15771906986964154
2022-02-23,0.444991644551693
2022-02-24,0.13313365600209628
2022-02-25,-0.1571807608102567
2022-02-28,-1.289447316565063
2022-03-01,0.523864511409178
2022-03-02,0.21062993428859877
2022-03-03,1.5346180512855034
2022-03-04,0.12900249500931846
2022-03-07,1.0766900314710712
2022-03-08,0.5855374418994811
2022-03-09,0.21706708626671764
2022-03-10,-0.0498146230403491
2022-03-11,0.40468893199377315
2022-03-14,1.2499386967464623
2022-03-15,-0.04789581015699279
2022-03-16,0.055396513061914676
2022-03-17,0.16314515719181125
2022-03-18,-0.6515650727244929
2022-03-21,-0.5815656881107882
2022-03-22,0.05665098744226003
2022-03-23,-0.6247428583171629
2022-03-24,1.0038078746943926
2022-03-25,0.14774370478058785
2022-03-28,-0.19852266331143217
2022-03-29,0.1516392840287341
2022-03-30,0.17019638469916287
2022-03-31,1.0617424567630507
2022-04-01,0.3104091375503782
2022-04-04,0.3826371351197653
2022-04-05,0.4654386921055313
2022-04-06,-0.5802415705572171
2022-04-07,-0.16581011320715996
2022-04-08,-0.09515981516266803
2022-04-11,0.020745332521613955
2022-04-12,-0.43427374241930494
2022-04-13,-0.15652138635815502
2022-04-14,0.24642655371888803
2022-04-15,0.299367345397795
2022-04-18,0.017242776919406174
2022-04-19,-0.5964896178753827
2022-04-20,-0.7044131959086916
2022-04-21,0.005929437814301722
2022-04-22,-0.5961292944037982
2022-04-25,-0.4529575284000085
2022-04-26,0.02732128849800962
2022-04-27,0.3833448003658587
2022-04-28,-0.15248848862521347
2022-04-29,-0.056841956246183545
2022-05-02,0.8100890547247231
2022-05-03,-0.3596395703427133
2022-05-04,-0.30805104666254274
2022-05-05,-0.2530501449490738
2022-05-06,0.06532920510869222
2022-05-09,0.056962942885067994
2022-05-10,-0.4348603803047723
2022-05-11,-0.22328857755237536
2022-05-12,0.4879121142277578
2022-05-13,-0.4296648934536447
2022-05-16,0.3658325100949832
2022-05-17,-0.12938905353425423
2022-05-18,0.06764333552172852
2022-05-19,-0.09052948291383145
2022-05-20,-0.5790806647144743
2022-05-23,-0.4741852365350061
2022-05-24,-2.1824327158535524
2022-05-25,0.455720953144143
2022-05-26,-0.11272747103208083
2022-05-27,-0.9123587891255832
2022-05-30,-0.14712175816304252
2022-05-31,-0.13428444024341887
2022-06-01,0.043568074071097064
2022-06-02,-0.1417409762890594
2022-06-03,-0.4103317512480431
2022-06-06,-1.2155002897507972
2022-06-07,-0.11554820244194634
2022-06-08,0.24808570734492308
2022-06-09,-0.07584174720009725
2022-06-10,-0.16387617339501037
2022-06-13,-0.15274154329451653
2022-06-14,-1.8533205852945047
2022-06-15,0.24157347463868867
2022-06-16,-0.027815899582448
2022-06-17,-0.29430539392336647
2022-06-20,-0.5088062008797385
2022-06-21,0.7239635176308018
2022-06-22,-0.2501685805512393
2022-06-23,-0.13337621333114769
2022-06-24,-0.025023039435342443
2022-06-27,1.0123569256845075
2022-06-28,-0.6026746560244534
2022-06-29,0.32657763523696115
2022-06-30,-0.21033757061689246
2022-07-01,0.023014440529497533
2022-07-04,1.0670894237374002
2022-07-05,0.05487442417565396
2022-07-06,-0.05706348957048454
2022-07-07,0.10264745729032738
2022-07-08,0.6974308875653947
2022-07-11,-0.13391820327693088
2022-07-12,1.820227099446757
2022-07-13,0.9235095358238916
2022-07-14,-1.7836591565314401
2022-07-15,-1.4153680855198774
2022-07-18,-0.8786864419570529
2022-07-19,1.091744124850212
2022-07-20,0.8339342568844451
2022-07-21,0.40630289264064584
2022-07-22,-0.3485874195134676
2022-07-25,0.42460783153512205
2022-07-26,1.3748471747079032
2022-07-27,-0.23650509635722575
2022-07-28,0.30101611509365306
2022-07-29,0.5935837906718715
2022-08-01,-0.9300848674422855
2022-08-02,-0.32492101018296204
2022-08-03,0.27418806565309156
2022-08-04,0.23619394864855148
2022-08-05,0.35366086052958173
2022-08-08,0.25772190816835
2022-08-09,0.23326681204584773
2022-08-10,-0.45312493642951546
2022-08-11,0.3081109825690243
2022-08-12,0.24342813790668133
2022-08-15,0.23239220362371926
2022-08-16,0.6785332727324709
2022-08-17,-0.6641273000069015
2022-08-18,-0.8887809618097465
2022-08-19,0.1021437871609955
2022-08-22,0.6459905830001915
2022-08-23,-1.050992427016707
2022-08-24,-0.955250270911498
2022-08-25,0.09486974345693246
2022-08-26,-0.030004420584450485
2022-08-29,0.026973948909507744
2022-08-30,0.7847609354362268
2022-08-31,0.8240761618920933
2022-09-01,-0.08250484465740757
2022-09-02,1.435668552153895
2022-09-05,0.8072185769757501
2022-09-06,-0.042016608549212776
2022-09-07,-0.4145872582711002
2022-09-08,0.36294705722712733
2022-09-09,0.11032535054907089
2022-09-12,0.4204087433546298
2022-09-13,0.2593402198946178
2022-09-14,-0.934161690394222
2022-09-15,-0.9771845671152765
2022-09-16,0.1690959645276955
2022-09-19,-0.7320363821636445
2022-09-20,-0.03509453804929448
2022-09-21,0.32325603233664973
2022-09-22,-0.4146508330314642
2022-09-23,0.26566982466921646
2022-09-26,-0.12464504839399562
2022-09-27,1.2059435005423063
2022-09-28,0.45796240820598205
2022-09-29,-0.7973774352561701
2022-09-30,-0.8156093855883584
2022-10-03,0.5401751810303003
2022-10-04,0.2160288368578276
2022-10-05,0.16778627721020284
2022-10-06,-0.7252259331440996
2022-10-07,0.8741297115232373
2022-10-10,1.539438623700232
2022-10-11,-0.18316995777644804
2022-10-12,0.45744179224183346
2022-10-13,0.6390122522796153
2022-10-14,-0.8411263214448336
2022-10-17,0.3382438562533222
2022-10-18,-0.7967545866743394
2022-10-19,0.507607040725072
2022-10-20,0.7005713956136793
2022-10-21,0.3366398975126418
2022-10-24,-1.2213405133688853
2022-10-25,-0.11695699852058077
2022-10-26,0.3484011630235809
2022-10-27,0.6742492894244437
2022-10-28,-1.741147793539335
2022-10-31,-1.4446844274781905
2022-11-01,-0.144009700426616
2022-11-02,0.11375872635127401
2022-11-03,0.4990853012831197
2022-11-04,0.4307815431396535
2022-11-07,0.025825758835435406
2022-11-08,-0.23121257523280175
2022-11-09,-0.9877678577848049
2022-11-10,1.379896050042155
2022-11-11,0.6809121997113358
2022-11-14,-0.29982402000558733
2022-11-15,0.6537613697216892
2022-11-16,0.650508762235742
2022-11-17,-0.16387563378501904
2022-11-18,0.6949715405776257
2022-11-21,0.3537457957169949
2022-11-22,-0.2517572158052766
2022-11-23,1.3742056293963945
2022-11-24,-0.05609790028702825
2022-11-25,-1.0239783791286194
2022-11-28,0.37301737408140695
2022-11-29,0.46422136937951514
2022-11-30,0.3687353758867261
2022-12-01,-0.32086916580354136
2022-12-02,-0.3344726928619048
2022-12-05,0.6781132135200622
2022-12-06,-0.6180392309340476
2022-12-07,-0.4071344745725636
2022-12-08,-0.20762398721715672
2022-12-09,0.13514724967008074
2022-12-12,1.2078535191174433
2022-12-13,-0.19068513002318377
2022-12-14,-0.7415448141050007
2022-12-15,0.030725795803894593
2022-12-16,-0.7911585811023338
2022-12-19,-1.7971492950221342
2022-12-20,-1.2865004343800084
2022-12-21,0.68005462388752
2022-12-22,0.5662683705976636
2022-12-23,1.1848586053936903
2022-12-26,-0.5858058293815618
2022-12-27,0.2858113426551587
2022-12-28,-0.5985637865998982
2022-12-29,-0.047918219823251285
2022-12-30,0.48555500271086516
